# https://github.com/mikedh/trimesh
v -1.29204273 3.97649860 39.78087616
v -6.18033981 10.70466232 38.04225922
v -2.09056854 3.62097168 39.78087616
v -16.18033981 -11.75570488 34.64101410
v -17.90943146 -19.89043808 29.72579193
v -13.38261127 -14.86289597 34.64101410
v -35.74329376 7.59747028 16.26946640
v -39.12590408 0.00000000 8.31646729
v -36.54181671 0.00000000 16.26946640
v 19.56295013 -33.88402557 8.31646729
v 12.36067963 -38.04225922 0.00000000
v 20.00000000 -34.64101410 0.00000000
v -19.56295013 4.15823364 34.64101410
v -20.00000000 0.00000000 34.64101410
v -12.36067963 0.00000000 38.04225922
v 31.65352058 22.99762917 8.31646729
v 26.18033981 29.07621384 8.31646729
v 29.56295013 21.47874069 16.26946640
v -29.56295013 -21.47874069 16.26946640
v -31.65352058 -22.99762917 8.31646729
v -26.18033981 -29.07621384 8.31646729
v -2.79772758 26.61860085 29.72579193
v -10.00000000 30.77683449 23.51140976
v -8.27090836 25.45524025 29.72579193
v 40.00000000 0.00000000 0.00000000
v 38.27090836 8.13473225 8.31646729
v 39.12590408 0.00000000 8.31646729
v -18.27090836 -8.13473225 34.64101410
v -26.18033981 -5.56480217 29.72579193
v -24.45124817 -10.88639736 29.72579193
v -4.08977032 38.91156769 8.31646729
v -11.29204273 34.75333405 16.26946640
v -3.81965923 36.34163666 16.26946640
v -35.74329376 -15.91393852 8.31646729
v -36.54181671 -16.26946640 0.00000000
v -32.36067963 -23.51140976 0.00000000
v 35.74329376 -15.91393852 8.31646729
v 32.36067963 -23.51140976 0.00000000
v 36.54181671 -16.26946640 0.00000000
v 26.18033981 -29.07621384 8.31646729
v 26.76522446 -29.72579193 0.00000000
v -26.18033981 19.02112961 23.51140976
v -29.56295013 13.16227341 23.51140976
v -24.45124817 10.88639736 29.72579193
v -31.65352058 22.99762917 8.31646729
v -35.74329376 15.91393852 8.31646729
v -29.56295013 21.47874069 16.26946640
v -4.08977032 -0.86930752 39.78087616
v -12.09056854 -2.56992912 38.04225922
v 19.56295013 4.15823364 34.64101410
v 12.09056854 2.56992912 38.04225922
v 12.36067963 0.00000000 38.04225922
v 35.74329376 15.91393852 8.31646729
v 33.38261032 14.86289597 16.26946640
v 35.74329376 7.59747028 16.26946640
v 32.36067963 0.00000000 23.51140976
v 26.18033981 -5.56480217 29.72579193
v 31.65352058 -6.72816277 23.51140976
v -16.18033981 -28.02516937 23.51140976
v -24.45124817 -27.15586281 16.26946640
v -18.27090836 -31.64614105 16.26946640
v 3.81965923 -11.75570488 38.04225922
v 2.09056854 -19.89043808 34.64101410
v 6.18033981 -19.02112961 34.64101410
v -4.18113804 -39.78087616 0.00000000
v 4.08977032 -38.91156769 8.31646729
v -4.08977032 -38.91156769 8.31646729
v 4.18113804 -39.78087616 0.00000000
v -38.27090836 -8.13473225 8.31646729
v -39.12590408 -8.31646729 0.00000000
v -26.76522446 0.00000000 29.72579193
v -32.36067963 0.00000000 23.51140976
v 29.56295013 -21.47874069 16.26946640
v 31.65352058 -22.99762917 8.31646729
v 36.54181671 0.00000000 16.26946640
v 35.74329376 -7.59747028 16.26946640
v 26.18033981 5.56480217 29.72579193
v 20.00000000 0.00000000 34.64101410
v 26.76522446 0.00000000 29.72579193
v 4.08977032 0.86930752 39.78087616
v -26.18033981 -19.02112961 23.51140976
v -21.65352058 -24.04867172 23.51140976
v -38.27090836 8.13473225 8.31646729
v -26.18033981 29.07621384 8.31646729
v -32.36067963 23.51140976 0.00000000
v 20.00000000 34.64101410 0.00000000
v 19.56295013 33.88402557 8.31646729
v 3.81965923 11.75570488 38.04225922
v 0.43704796 4.15823364 39.78087616
v 1.29204273 3.97649860 39.78087616
v 36.54181671 16.26946640 0.00000000
v 32.36067963 23.51140976 0.00000000
v 12.36067963 38.04225922 0.00000000
v 29.56295013 13.16227341 23.51140976
v -10.00000000 7.26542473 38.04225922
v -16.18033981 11.75570488 34.64101410
v -11.29204273 5.02754116 38.04225922
v 26.18033981 19.02112961 23.51140976
v 2.79772758 -26.61860085 29.72579193
v -29.56295013 -13.16227341 23.51140976
v -10.00000000 -17.32050705 34.64101410
v -13.38261127 -23.17936325 29.72579193
v -19.56295013 -33.88402557 8.31646729
v -3.81965923 -36.34163666 16.26946640
v -11.29204273 -34.75333405 16.26946640
v -33.38261032 -14.86289597 16.26946640
v 3.38261127 32.18340302 23.51140976
v 2.79772758 26.61860085 29.72579193
v 10.00000000 30.77683449 23.51140976
v -3.38261127 -32.18340302 23.51140976
v -2.79772758 -26.61860085 29.72579193
v 3.38261127 -32.18340302 23.51140976
v 29.56295013 -13.16227341 23.51140976
v 38.27090836 -8.13473225 8.31646729
v -8.27090836 -25.45524025 29.72579193
v -10.00000000 -30.77683449 23.51140976
v 18.27090836 31.64614105 16.26946640
v 11.29204273 34.75333405 16.26946640
v 16.18033981 28.02516937 23.51140976
v -20.00000000 34.64101410 0.00000000
v -19.56295013 33.88402557 8.31646729
v 31.65352058 6.72816277 23.51140976
v 24.45124817 27.15586281 16.26946640
v 26.76522446 29.72579193 0.00000000
v 12.09056854 37.21094513 8.31646729
v 4.08977032 38.91156769 8.31646729
v -26.18033981 5.56480217 29.72579193
v 16.18033981 11.75570488 34.64101410
v 11.29204273 5.02754116 38.04225922
v 18.27090836 8.13473225 34.64101410
v -19.56295013 -4.15823364 34.64101410
v 8.27090836 -9.18577480 38.04225922
v 6.18033981 -10.70466232 38.04225922
v 10.00000000 -17.32050705 34.64101410
v 33.38261032 -14.86289597 16.26946640
v 24.45124817 -10.88639736 29.72579193
v 3.38261127 -2.45761108 39.78087616
v 2.79772758 -3.10719109 39.78087616
v 10.00000000 -7.26542473 38.04225922
v -21.65352058 -15.73220348 29.72579193
v -12.36067963 -38.04225922 0.00000000
v -40.00000000 0.00000000 0.00000000
v -35.74329376 -7.59747028 16.26946640
v 39.12590408 8.31646729 0.00000000
v -12.09056854 -37.21094513 8.31646729
v 11.29204273 -34.75333405 16.26946640
v 12.09056854 -37.21094513 8.31646729
v 21.65352058 24.04867172 23.51140976
v 24.45124817 10.88639736 29.72579193
v 39.12590408 -8.31646729 0.00000000
v -2.09056854 19.89043808 34.64101410
v -6.18033981 19.02112961 34.64101410
v -3.81965923 11.75570488 38.04225922
v 18.27090836 -8.13473225 34.64101410
v 16.18033981 -11.75570488 34.64101410
v -24.45124817 27.15586281 16.26946640
v -21.65352058 24.04867172 23.51140976
v -12.36067963 38.04225922 0.00000000
v -12.09056854 37.21094513 8.31646729
v -33.38261032 14.86289597 16.26946640
v 8.27090836 25.45524025 29.72579193
v 13.38261127 23.17936325 29.72579193
v 17.90943146 19.89043808 29.72579193
v 21.65352058 15.73220348 29.72579193
v 10.00000000 17.32050705 34.64101410
v 6.18033981 10.70466232 38.04225922
v 8.27090836 9.18577480 38.04225922
v -18.27090836 31.64614105 16.26946640
v 6.18033981 19.02112961 34.64101410
v -2.09056854 -19.89043808 34.64101410
v -6.18033981 -19.02112961 34.64101410
v -1.29204273 -12.29296589 38.04225922
v 1.29204273 -12.29296589 38.04225922
v 26.18033981 -19.02112961 23.51140976
v 0.43704796 -4.15823364 39.78087616
v -11.29204273 -5.02754116 38.04225922
v 18.27090836 -31.64614105 16.26946640
v 21.65352058 -15.73220348 29.72579193
v 17.90943146 -19.89043808 29.72579193
v 24.45124817 -27.15586281 16.26946640
v 16.18033981 -28.02516937 23.51140976
v 21.65352058 -24.04867172 23.51140976
v 13.38261127 -23.17936325 29.72579193
v -12.09056854 2.56992912 38.04225922
v -26.76522446 29.72579193 0.00000000
v 4.18113804 39.78087616 0.00000000
v -4.18113804 39.78087616 0.00000000
v -17.90943146 19.89043808 29.72579193
v -2.79772758 3.10719109 39.78087616
v -3.38261127 2.45761108 39.78087616
v 2.09056854 3.62097168 39.78087616
v 2.79772758 3.10719109 39.78087616
v -1.29204273 12.29296589 38.04225922
v -0.43704796 4.15823364 39.78087616
v -4.08977032 0.86930752 39.78087616
v -4.18113804 0.00000000 39.78087616
v -1.29204273 -3.97649860 39.78087616
v -3.81965923 -11.75570488 38.04225922
v -0.43704796 -4.15823364 39.78087616
v -2.79772758 -3.10719109 39.78087616
v -8.27090836 -9.18577480 38.04225922
v -6.18033981 -10.70466232 38.04225922
v -20.00000000 -34.64101410 0.00000000
v 8.27090836 -25.45524025 29.72579193
v -31.65352058 -6.72816277 23.51140976
v -39.12590408 8.31646729 0.00000000
v 13.38261127 -14.86289597 34.64101410
v 2.09056854 -3.62097168 39.78087616
v 19.56295013 -4.15823364 34.64101410
v 4.18113804 0.00000000 39.78087616
v 1.29204273 12.29296589 38.04225922
v -36.54181671 16.26946640 0.00000000
v 3.81965923 36.34163666 16.26946640
v -18.27090836 8.13473225 34.64101410
v 2.09056854 19.89043808 34.64101410
v 13.38261127 14.86289597 34.64101410
v -31.65352058 6.72816277 23.51140976
v 4.08977032 -0.86930752 39.78087616
v 3.81965923 1.70062160 39.78087616
v 3.81965923 -1.70062160 39.78087616
v 3.38261127 2.45761108 39.78087616
v 1.29204273 -3.97649860 39.78087616
v -2.09056854 -3.62097168 39.78087616
v -3.38261127 -2.45761108 39.78087616
v -3.81965923 1.70062160 39.78087616
v -3.81965923 -1.70062160 39.78087616
v -10.00000000 -7.26542473 38.04225922
v 11.29204273 -5.02754116 38.04225922
v 10.00000000 7.26542473 38.04225922
v -3.38261127 32.18340302 23.51140976
v -16.18033981 28.02516937 23.51140976
v -13.38261127 23.17936325 29.72579193
v -10.00000000 17.32050705 34.64101410
v 3.81965923 -36.34163666 16.26946640
v 12.09056854 -2.56992912 38.04225922
v -13.38261127 14.86289597 34.64101410
v -8.27090836 9.18577480 38.04225922
v 10.00000000 -30.77683449 23.51140976
v -26.76522446 -29.72579193 0.00000000
v -21.65352058 15.73220348 29.72579193
v 10.45629025 35.82347107 0.00000000
v 9.62711048 34.68220520 0.00000000
v 9.94925594 36.52134323 0.00000000
v 38.00000000 0.00000000 0.00000000
v 37.16960907 -7.90064335 0.00000000
v 34.71472549 -15.45599174 0.00000000
v 30.74264526 -22.33583832 0.00000000
v 25.42696381 -28.23950195 0.00000000
v 19.00000000 -32.90896606 0.00000000
v 11.74264526 -36.14014816 0.00000000
v 3.97208118 -37.79183197 0.00000000
v -3.97208118 -37.79183197 0.00000000
v -11.74264526 -36.14014816 0.00000000
v -19.00000000 -32.90896606 0.00000000
v -25.42696381 -28.23950195 0.00000000
v -30.74264526 -22.33583832 0.00000000
v -31.69339752 -20.68908691 0.00000000
v -31.73113632 -20.62372208 0.00000000
v -34.71472549 -15.45599174 0.00000000
v -37.16960907 -7.90064335 0.00000000
v -38.00000000 0.00000000 0.00000000
v 37.16960907 7.90064335 0.00000000
v 34.71472549 15.45599174 0.00000000
v 30.74264526 22.33583832 0.00000000
v 25.42696381 28.23950195 0.00000000
v 19.00000000 32.90896606 0.00000000
v 11.74264526 36.14014816 0.00000000
v 8.92955208 36.73809052 0.00000000
v 3.97208118 37.79183197 0.00000000
v -3.97208118 37.79183197 0.00000000
v -11.74264526 36.14014816 0.00000000
v -19.00000000 32.90896606 0.00000000
v -25.42696381 28.23950195 0.00000000
v -30.74264526 22.33583832 0.00000000
v -34.71472549 15.45599174 0.00000000
v -37.16960907 7.90064335 0.00000000
v 8.28546906 35.11812973 0.00000000
v 8.28546906 36.52881241 0.00000000
v -31.37198830 -20.79351997 0.00000000
v -30.14143181 -20.16029739 0.00000000
v -30.74864578 -20.99605560 0.00000000
v -31.10779381 -19.44123459 0.00000000
v -30.74864578 -19.32454109 0.00000000
v -31.73113632 -19.64377213 0.00000000
v 17.01935387 -33.29717255 0.00000000
v 18.24990845 -32.66395187 0.00000000
v 17.64269638 -33.49971008 0.00000000
v 17.28354645 -31.94488907 0.00000000
v 17.64269638 -31.82819557 0.00000000
v 16.66020393 -32.14742661 0.00000000
v 16.66020393 -33.18047714 0.00000000
v 1.98604012 -18.89591599 32.90896606
v -1.22743988 -11.67831802 36.14014816
v 1.22743988 -11.67831802 36.14014816
v -1.98604012 -18.89591599 32.90896606
v -36.35736084 7.72799587 7.90064335
v -36.38192749 5.12147284 8.66819859
v -36.47313309 5.25014305 8.34586430
v -36.17906952 4.83529949 9.38509464
v -33.95612717 7.21759701 15.45599174
v -36.25513840 4.11154985 9.38509464
v -36.25804901 4.10312796 9.37886810
v -37.16960907 0.00000000 7.90064335
v -36.63417053 3.71800518 8.34586430
v -36.54252243 5.14018345 8.16787720
v -36.59479141 5.05735540 8.03380585
v -36.67260742 3.80193138 8.20040894
v 10.72743988 -4.77616405 36.14014816
v 17.35736275 -7.72799587 32.90896606
v 9.50000000 -6.90215397 36.14014816
v 33.95612717 7.21759701 15.45599174
v 34.71472549 0.00000000 15.45599174
v 30.74264526 0.00000000 22.33583832
v 30.07084465 21.84774780 7.90064335
v 30.37191582 20.79774666 8.71844673
v 30.25492477 20.98171997 8.74732399
v 33.95612717 15.11824131 7.90064335
v 30.38068962 20.66375923 8.90225506
v 30.31800842 20.68493652 9.03747559
v 31.71348190 14.11975098 15.45599174
v -33.95612717 -7.21759701 15.45599174
v -31.71348190 -14.11975098 15.45599174
v -33.95612717 -15.11824131 7.90064335
v 9.50000000 6.90215397 36.14014816
v 3.62867641 1.61559105 37.79183197
v 3.21348095 2.33473015 37.79183197
v 11.48604012 -2.44143295 36.14014816
v 4.74033976 -0.65137994 37.61398315
v 4.99883509 -0.33361253 37.56613541
v 4.07869339 -0.36417601 37.76103592
v 3.88528156 -0.82584190 37.79183197
v 3.97208118 0.00000000 37.79183197
v 4.58813190 -0.58531046 37.64781189
v 4.11218500 -0.04552250 37.76103592
v -20.57084465 -14.94559383 28.23950195
v -17.01395798 -18.89591599 28.23950195
v -24.87132263 -18.07007217 22.33583832
v 17.35736275 30.06383514 15.45599174
v 23.22868729 25.79806900 15.45599174
v 15.37132263 26.62391281 22.33583832
v 24.87132263 18.07007217 22.33583832
v 27.57928848 15.42634106 20.55366707
v 27.55314636 15.43395519 20.58646584
v 27.59292412 15.40559006 20.55117035
v 28.31737900 14.30308342 20.41856003
v 28.29827118 14.14335823 20.58646584
v 28.08480453 12.50415993 22.33583832
v 27.77111816 14.08795166 21.42979813
v 27.64866638 14.07508183 21.62569618
v 27.26094437 14.88988686 21.50095558
v 27.22108650 14.81567287 21.62569618
v -28.08480453 20.40480423 15.45599174
v -31.15843201 16.73105431 12.90302563
v -30.07084465 21.84774780 7.90064335
v -31.09291267 16.46052361 13.49721527
v -31.05553246 16.30617332 13.83622265
v -31.71348190 14.11975098 15.45599174
v -31.36132050 15.77653408 13.83622265
v 10.72743988 -33.01566696 15.45599174
v 11.48604012 -35.35039902 7.90064335
v 3.62867641 -34.52455521 15.45599174
v -19.00000000 0.00000000 32.90896606
v -24.87132263 -5.28656197 28.23950195
v -25.42696381 0.00000000 28.23950195
v -18.44163704 -10.84521580 31.08434296
v -17.35736275 -7.72799587 32.90896606
v -15.37132263 -11.16791916 32.90896606
v -18.73663712 -10.33426285 31.08434296
v -19.35157013 -10.34166718 30.69258881
v -23.22868729 -10.34207726 28.23950195
v -19.44790649 -10.73945332 30.48633957
v -9.50000000 16.45448303 32.90896606
v -7.85736275 8.72648621 36.14014816
v -12.71348095 14.11975098 32.90896606
v -36.35736084 -7.72799587 7.90064335
v -36.39894867 -8.64413738 4.81388187
v -36.75252914 -7.81199074 4.05689192
v -36.37074280 -8.90275288 4.30596447
v -36.34790802 -9.11213684 3.89473629
v -36.53626633 -8.74390316 3.26957393
v -36.77985764 -7.81779909 3.79108548
v -36.45027161 -8.91201878 3.55498838
v -2.65784073 -2.95183182 37.79183197
v -1.98604012 -3.43992329 37.79183197
v -5.87132263 -10.16942883 36.14014816
v 34.92094040 14.43588066 1.13950765
v 34.56822968 15.34224319 1.66917229
v 34.97521210 14.08968067 1.66917229
v 34.77713776 14.43588066 2.44791222
v 33.95612717 -7.21759701 15.45599174
v 31.71348190 -14.11975098 15.45599174
v 28.08480453 -12.50415993 22.33583832
v 32.53376770 -2.14112949 18.84374237
v 33.13376617 -2.14112997 17.80451202
v 33.30057144 -2.67796040 17.41787148
v 33.00183487 -3.39637947 17.80451202
v 32.55722427 -3.39637995 18.57459641
v 32.42040253 -3.21973896 18.84374237
v 32.44825363 -3.25569606 18.78895378
v 30.07084465 6.39175510 22.33583832
v 17.35736275 7.72799587 32.90896606
v 10.72743988 4.77616405 36.14014816
v 36.35736084 7.72799587 7.90064335
v 3.88528156 36.96598816 7.90064335
v 11.48604012 35.35039902 7.90064335
v 3.62867641 34.52455521 15.45599174
v 22.08775139 -5.60294390 30.10207367
v 24.87132263 -5.28656197 28.23950195
v 23.22868729 -10.34207726 28.23950195
v 22.83387947 -4.85348988 29.75286293
v 21.80740929 -5.39290714 30.34426880
v 21.59479523 -5.23361349 30.52795219
v 18.58480453 -3.95032120 32.90896606
v 21.79037285 -4.63168573 30.52795219
v -3.97208118 0.00000000 37.79183197
v -11.48604012 -2.44143295 36.14014816
v -11.74264526 0.00000000 36.14014816
v -33.95612717 15.11824131 7.90064335
v -36.79860687 -7.53573513 3.89473629
v -36.78436279 -7.57727385 3.98874021
v -36.80156326 -7.56477499 3.83756304
v -31.70473099 -20.65763855 0.05653359
v -34.33051682 -3.65550995 15.45599174
v -34.71472549 0.00000000 15.45599174
v -34.32427597 -3.75617456 15.44263268
v -34.31906891 -3.76442766 15.45599174
v 30.07084465 -21.84774780 7.90064335
v 28.08480453 -20.40480423 15.45599174
v 18.02017212 -26.73078156 19.47368240
v 17.35736275 -30.06383514 15.45599174
v 17.44111443 -27.32901764 19.22355080
v 23.22868729 -25.79806900 15.45599174
v 17.96313667 -26.46244049 19.91015625
v 17.66384125 -26.38295937 20.32852745
v 16.77791595 -26.89575577 20.51291466
v 15.37132263 -26.62391281 22.33583832
v 17.45325470 -26.40509224 20.51291466
v 16.86168480 -27.12085342 20.11000252
v 16.99398422 -27.47635078 19.47368240
v 17.22168732 -27.45241737 19.27430916
v 17.33299446 -27.44071960 19.17684746
v 18.17132759 -33.21425247 0.55639076
v 17.64595413 -33.50973511 0.01825913
v 17.60321808 -33.37820816 1.33405888
v 17.22283745 -33.63654709 0.55639076
v 33.95612717 9.65726566 13.12294769
v 34.21042252 9.12044621 12.88786507
v 34.18418503 8.71440601 13.35338306
v 33.95612717 8.83912182 13.90533543
v 24.87132263 -18.07007217 22.33583832
v 28.09292793 3.63261890 24.85461235
v 28.08225060 3.65469098 24.86389351
v 27.96234512 3.30747843 25.03759384
v 27.76528549 3.21842575 25.26684380
v 25.42696381 0.00000000 28.23950195
v 30.07084465 -6.39175510 22.33583832
v 9.50000000 16.45448303 32.90896606
v 12.71348095 14.11975098 32.90896606
v 7.85736275 8.72648621 36.14014816
v 21.15385437 30.63471985 5.49035740
v 18.58480453 32.18982697 7.90064335
v 20.93158150 30.79621124 5.49035740
v 20.75893021 30.98645782 4.98876286
v 20.57387352 31.19037437 4.45112705
v 20.83592606 31.05737114 4.00694370
v 21.05607224 30.94563866 3.63379574
v 24.87132263 27.62240219 7.90064335
v 21.38195038 30.49777794 5.26761198
v 21.78939247 30.25316238 4.86972666
v 21.97329330 30.17363739 4.45112705
v 21.90321732 30.25316238 4.22967529
v 21.33835030 30.71489716 3.83234954
v 9.48779964 36.53598785 0.78083831
v 24.87132263 5.28656197 28.23950195
v 19.00000000 0.00000000 32.90896606
v 9.50000000 29.23799324 22.33583832
v 14.11963844 25.55803680 23.99176025
v 13.85552120 25.26796722 24.40764999
v 14.59774399 25.99837685 23.32537079
v 14.51549816 25.99279785 23.36841965
v 12.71348095 22.02039528 28.23950195
v 14.43858910 25.00836945 24.40764999
v 14.73057365 25.89703941 23.36841965
v 14.78453922 25.60757256 23.63921738
v 14.62315941 26.00010109 23.31206703
v 17.01395798 -18.89591599 28.23950195
v 20.57084465 -22.84623718 22.33583832
v 20.57084465 -14.94559383 28.23950195
v -9.50000000 -6.90215397 36.14014816
v -12.71348095 -14.11975098 32.90896606
v 3.62867641 -11.16791916 36.14014816
v 5.87132263 -18.07007217 32.90896606
v -28.08480453 12.50415993 22.33583832
v -30.74264526 0.00000000 22.33583832
v -25.20027924 -20.22388840 19.40013123
v -25.88247681 -19.46623039 19.40013123
v -23.22868729 -25.79806900 15.45599174
v -25.20170212 -20.27018547 19.34433746
v -25.66105080 -20.60392189 18.36090088
v -28.08480453 -20.40480423 15.45599174
v -26.36788559 -19.81890297 18.36090088
v -26.21674156 -20.26444435 18.03730965
v -26.08998680 -20.34188080 18.11112213
v -11.48604012 -35.35039902 7.90064335
v 5.94918585 31.38943672 19.95652390
v 3.21348095 30.57423401 22.33583832
v 4.90047455 31.61234665 19.95652390
v 4.79378128 31.76911354 19.72809982
v 4.86610937 31.99171829 19.32269478
v 4.93843746 32.21432114 18.91729355
v 5.68987131 32.27449799 18.54268646
v 6.13459682 31.96006966 18.91729355
v 36.35736084 -7.72799587 7.90064335
v 34.75816727 -10.44673157 10.00744534
v 34.72637939 -9.95480728 10.57142830
v 33.95612717 -15.11824131 7.90064335
v 34.28187943 -11.45217323 10.44774532
v 34.22020340 -11.55631638 10.52967548
v 34.20134354 -11.57069492 10.57142830
v 34.23952103 -11.54158592 10.48690128
v 34.41877747 -10.12302017 11.31588936
v 34.29698181 -10.18962479 11.61065865
v 34.03196335 -11.00526905 11.61065865
v 34.18820953 -11.52685165 10.65200996
v 24.87132263 -27.62240219 7.90064335
v 27.52013206 -12.68563080 22.78061485
v 27.78393936 -12.39736938 22.68643761
v 27.08190918 -13.16447544 22.93705940
v 26.85580444 -12.91528034 23.29486847
v 27.27784538 -12.18428421 23.29486847
v 2.65784073 25.28767014 28.23950195
v 7.85736275 24.18247795 28.23950195
v 1.98604012 18.89591599 32.90896606
v 27.21408653 2.96933413 25.90809059
v 27.25153351 4.41115570 25.69819641
v 27.88243675 4.06774235 25.03759384
v 28.05344200 3.71424484 24.88893890
v 27.04402161 4.21956015 25.95102692
v 26.94077301 4.12422991 26.07682419
v 27.04776764 3.10624409 26.07682419
v 27.11175728 3.05357027 26.01190567
v 23.22868729 10.34207726 28.23950195
v 15.37132263 11.16791916 32.90896606
v -9.50000000 -16.45448303 32.90896606
v -5.87132263 -18.07007217 32.90896606
v -12.71348095 -22.02039528 28.23950195
v 20.57084465 14.94559383 28.23950195
v 28.08480453 20.40480423 15.45599174
v 29.98412704 20.79774666 9.75773335
v 29.73785782 21.60581779 9.16740227
v 29.82006645 21.66554642 8.85466099
v -3.62867641 -11.16791916 36.14014816
v -10.72743988 -4.77616405 36.14014816
v -20.57084465 -22.84623718 22.33583832
v -15.37132263 -26.62391281 22.33583832
v 9.50000000 -29.23799324 22.33583832
v 23.65505409 -28.19104004 8.68936157
v 23.91852379 -28.17264748 8.25616741
v 24.13475227 -28.15755081 7.90064335
v 18.58480453 -32.18982697 7.90064335
v 23.58626938 -28.55604935 7.90064335
v -9.50000000 -29.23799324 22.33583832
v -3.62867641 -34.52455521 15.45599174
v -10.72743988 -33.01566696 15.45599174
v -28.08480453 -12.50415993 22.33583832
v -3.88528156 -36.96598816 7.90064335
v 3.88528156 -36.96598816 7.90064335
v 24.24859238 -28.08920479 7.78947353
v 23.87375069 -28.39561081 7.52580976
v 23.75346947 -28.49393082 7.44120502
v 23.54800415 -28.59821320 7.78947353
v 5.25510597 -36.87293625 6.04674911
v 5.86926365 -36.85345078 5.00751877
v 5.30692577 -37.05056000 4.28156137
v 5.24221849 -36.87567902 6.04674911
v 5.22636795 -36.88141632 6.02457857
v 4.49923801 -37.14465714 5.00751877
v 3.21348095 -30.57423401 22.33583832
v -3.88528156 -0.82584190 37.79183197
v -30.07084465 -6.39175510 22.33583832
v -3.21348095 2.33473015 37.79183197
v -5.61218309 4.65752220 37.07865906
v -2.65784073 2.95183182 37.79183197
v -6.07108498 4.76339483 36.99063110
v -6.37456560 4.83341122 36.93241501
v -9.50000000 6.90215397 36.14014816
v -6.39446211 5.10917091 36.88982010
v -33.76015091 -2.69815612 16.61817741
v -33.82062149 -2.66897416 16.51875305
v -34.37384033 -2.40199852 15.60914898
v -33.67332458 -3.52423763 16.61817741
v -34.09632874 -3.76845837 15.84105778
v -34.23899841 -3.85083008 15.57894707
v -34.38794708 -2.43368292 15.57894707
v -34.29399109 -3.79148769 15.49449921
v -30.07084465 -21.84774780 7.90064335
v 37.16960907 0.00000000 7.90064335
v 32.83673859 -18.16447639 2.60352015
v 32.97517395 -17.77108192 3.33834553
v 32.33258438 -19.00035286 2.78217006
v 32.14326477 -19.21199036 3.33834553
v 32.63960648 -18.13504219 4.37757587
v 32.52316666 -18.33672333 4.37757587
v 32.16503143 -19.14110947 3.49706578
v 5.27021980 0.00000000 37.51590347
v 11.48604012 2.44143295 36.14014816
v 11.74264526 0.00000000 36.14014816
v 4.99883509 0.33361253 37.56613541
v 4.11218500 0.04552250 37.76103592
v 4.11696959 0.00000000 37.76103592
v 15.37132263 -11.16791916 32.90896606
v 12.70559406 -8.75081635 34.48352051
v 13.35414124 -7.90807533 34.42071915
v 12.29953671 -8.51571655 34.69357681
v 11.90768719 -8.28884411 34.89628220
v 12.64171696 -7.26193094 34.84156036
v 12.15711594 -7.48692560 34.97908020
v 11.94636059 -7.85196400 34.97908020
v 5.87132263 18.07007217 32.90896606
v 3.62867641 11.16791916 36.14014816
v 5.87132263 10.16942883 36.14014816
v 1.98604012 3.43992329 37.79183197
v 3.88528156 0.82584190 37.79183197
v 12.71348095 -22.02039528 28.23950195
v 9.50000000 -16.45448303 32.90896606
v 10.72743988 33.01566696 15.45599174
v 23.10986710 24.66116333 16.93467140
v 22.93705559 25.47418213 16.21088028
v 22.95044136 24.63236618 17.17456818
v 22.96615028 24.63520241 17.15093040
v 20.57084465 22.84623718 22.33583832
v 22.56476021 25.06070709 17.17456818
v 13.74841595 32.63719940 12.72344017
v 13.56922150 32.71698380 12.72344017
v 13.89822102 32.68240356 12.40708733
v 29.57480431 21.91495323 8.90225506
v 29.60824966 21.90161133 8.85296535
v 29.63344193 21.89156342 8.81583786
v 29.66640472 21.85164261 8.82269478
v 29.57531548 21.87127876 8.99151802
v 29.57710266 21.71816826 9.30445576
v 29.71216202 21.62377548 9.18930912
v -18.58480453 -3.95032120 32.90896606
v -32.37270355 -15.10351849 12.16704941
v -32.85811615 -14.93439770 11.12781906
v -32.11605835 -15.54804420 12.16704941
v -32.14635086 -15.67312908 11.89231777
v -32.23064804 -16.02120209 11.12781906
v -32.62831879 -15.65036964 10.63584232
v -3.62867641 -1.61559105 37.79183197
v -16.78815079 -21.00351334 26.48360634
v -16.76593971 -20.85405540 26.63321495
v -16.84236717 -21.36833191 26.11842155
v -17.06255913 -21.36732483 25.97480011
v -17.64639854 -21.36465073 25.59398460
v -18.04379082 -21.18647766 25.49410820
v -18.09044266 -21.04203224 25.59398460
v -17.60503387 -20.24441719 26.63321495
v -7.85736275 -24.18247795 28.23950195
v -2.65784073 -25.28767014 28.23950195
v -7.21957874 -35.39924240 10.49787617
v -7.17467356 -35.45955658 10.34419918
v -6.91591072 -35.80710983 9.45864582
v -7.21454763 -35.88297272 9.03685856
v -7.99552727 -35.23431015 10.49787617
v -8.15474224 -35.64064407 9.16545868
v -8.48093700 -35.47445297 9.45864582
v -8.35690975 -35.58853531 9.19311142
v 27.28998566 -21.53730392 14.93879795
v 27.26556969 -21.54704475 14.97478294
v 27.69262314 -21.04968071 15.02255630
v 27.23538017 -21.36924362 15.41238499
v 27.23364830 -21.51764488 15.10907364
v 27.23315430 -21.55997467 15.02255630
v 27.20905304 -21.28821754 15.55994987
v 27.32887077 -20.72451401 16.06178665
v 27.08076096 -21.00006866 16.06178665
v 12.68593693 -32.99629211 13.04560566
v 12.57502270 -32.96282196 13.27983189
v 12.59316444 -33.45828247 11.85628414
v 13.06713486 -33.11131668 12.24060059
v 12.01829147 -33.21069336 13.27983189
v 11.95312500 -33.36891174 12.91456795
v 11.83288193 -33.66084290 12.24060059
v 12.21866417 -33.61347580 11.88892651
v 12.41391373 -33.58950043 11.71094036
v -7.61033392 -15.94069481 33.46317673
v -7.25887775 -15.14871120 33.85107803
v -8.16903114 -15.77605724 33.42877960
v -8.56893444 -15.65821362 33.40415573
v -7.31183338 -15.08791828 33.86629868
v -7.76044798 -14.88818264 33.86629868
v -8.55811882 -15.60640812 33.42731476
v 5.87132263 -10.16942883 36.14014816
v 1.98604012 -3.43992329 37.79183197
v -10.72743988 4.77616405 36.14014816
v -17.35736275 7.72799587 32.90896606
v -11.48604012 2.44143295 36.14014816
v -3.62867641 1.61559105 37.79183197
v -15.37132263 26.62391281 22.33583832
v -17.01395798 18.89591599 28.23950195
v -20.57084465 22.84623718 22.33583832
v -23.22868729 25.79806900 15.45599174
v -24.87132263 18.07007217 22.33583832
v -18.58480453 -32.18982697 7.90064335
v -24.87132263 -27.62240219 7.90064335
v 32.47409439 -18.42171669 4.37757587
v 32.26866150 -18.80362129 4.25280380
v 2.65784073 2.95183182 37.79183197
v -12.05528545 27.70563507 22.73847771
v -12.71348095 22.02039528 28.23950195
v -12.24335194 28.01657486 22.33583832
v -11.26810837 28.05610847 22.73847771
v -9.50000000 29.23799324 22.33583832
v -11.30912399 28.43251991 22.33583832
v -30.07084465 6.39175510 22.33583832
v -1.22743988 11.67831802 36.14014816
v -1.22743988 3.77767372 37.79183197
v -3.62867641 11.16791916 36.14014816
v 7.85736275 -24.18247795 28.23950195
v 2.65784073 -25.28767014 28.23950195
v 18.74397469 -18.71408463 26.93964958
v 18.50180626 -19.14148331 26.82125282
v 18.18337440 -18.77300453 27.36085701
v -3.88528156 36.96598816 7.90064335
v 1.23041940 36.97705460 7.79477501
v 1.35638332 36.96598816 7.90064335
v 0.56210899 37.03576660 7.23308182
v 1.34248018 37.08026505 6.80740023
v 1.59288681 37.09454346 6.67080688
v 1.96021819 37.03576660 7.23308182
v 1.62549901 36.96598816 7.90064335
v 33.70685577 10.18347263 13.35338306
v 33.68407059 10.09211826 13.50781631
v 33.55350494 9.56871319 14.39261341
v 33.75479126 8.94922352 14.39261341
v 33.83589935 8.90486813 14.19630909
v -28.12372017 -8.39576530 23.71226692
v -28.46163177 -8.33893394 23.37299156
v -27.98528481 -8.41904831 23.85126114
v -28.04326439 -9.47998238 23.42356682
v -27.66934013 -9.39142704 23.85126114
v -28.72364998 -9.15808487 22.81203079
v -28.68356705 -9.53012943 22.72621346
v -28.65446854 -9.55119133 22.74984932
v -28.57791710 -9.60660267 22.81203079
v -18.45134163 -11.54080009 30.82412529
v -18.28868484 -11.11013889 31.08434296
v -18.78302574 -11.53506088 30.61637497
v -19.63700867 -11.52028179 30.08148384
v -7.85736275 -8.72648621 36.14014816
v -3.21348095 -2.33473015 37.79183197
v -26.09030914 -26.31764793 7.58654165
v -26.51528931 -25.98779297 6.67669106
v -25.92762566 -26.55794716 7.20488739
v -25.70247650 -26.89051247 6.67669106
v -26.22121048 -26.41275406 6.04709101
v -26.04829979 -26.57200623 6.25695705
v -10.88739109 -29.38381386 21.12104988
v -17.35736275 -30.06383514 15.45599174
v -11.22070980 -29.25792122 21.08523369
v -10.76221466 -28.77265549 22.18208694
v -10.05217361 -29.08878708 22.18208694
v -10.04813290 -29.11843681 22.13777542
v -10.02432728 -29.29310226 21.87674332
v -11.24762440 -29.20972252 21.14285660
v -10.01116180 -29.38969612 21.73238564
v -10.23222446 -29.41293144 21.53882408
v -10.68445301 -29.46046257 21.14285660
v 6.45399666 -27.47938156 24.96404266
v 6.71349430 -27.42422485 24.96404266
v 6.88862276 -27.53596497 24.80132484
v 6.86839533 -27.71863556 24.60648346
v 6.79762697 -28.35773277 23.92481232
v 6.53341818 -28.57850075 23.74500465
v 5.70926762 -27.63768005 24.96404266
v 5.53571463 -28.01472855 24.59247780
v 5.71460390 -28.18413162 24.36589813
v 6.06285572 -28.51391411 23.92481232
v -8.13011551 -14.72359562 33.86629868
v -8.31345463 -14.75954914 33.81821060
v -8.38420391 -14.77342319 33.79965210
v 12.71348095 -14.11975098 32.90896606
v 1.22743988 -10.57793617 36.37018967
v 1.57978964 -10.01127148 36.47299957
v 1.22743988 -9.60606194 36.57336807
v 1.22743988 -3.77767372 37.79183197
v -1.22743988 -3.77767372 37.79183197
v -12.90334129 -1.87841439 35.53546906
v -12.89218616 -1.98454857 35.53546906
v -12.98420620 -1.74351978 35.50577927
v -13.45957756 -1.79289639 35.29182053
v -13.47659206 -1.79466367 35.28416061
v -15.37132263 11.16791916 32.90896606
v -1.98604012 3.43992329 37.79183197
v -5.87132263 10.16942883 36.14014816
v -15.10114670 -34.29709244 3.03926706
v -15.80729675 -33.95688629 3.26479435
v -14.89705563 -34.45049286 2.49272752
v -14.79728985 -34.52548218 2.22556305
v -14.90734100 -34.50171661 2.00504112
v -15.42624950 -34.31076050 1.65477526
v -15.97965050 -34.07695007 1.54482579
v -15.04426765 -34.47214508 1.73066747
v -15.81220341 -33.95470428 3.26479435
v -16.29761505 -33.85749435 2.22556305
v 37.07939529 2.63864946 6.12030029
v 37.23508835 1.86333847 5.41430759
v 37.22177505 1.28399706 6.12030029
v 37.05365372 1.86333847 7.14054823
v 22.89856720 -4.79846382 29.71006584
v 22.03719521 -4.14957714 30.38543892
v 21.82649231 -4.28803015 30.52795219
v 7.85736275 -8.72648621 36.14014816
v 17.01395798 18.89591599 28.23950195
v 18.58480453 3.95032120 32.90896606
v 17.19396591 5.61672544 33.27061081
v 17.82719231 6.20893669 32.91907501
v 17.08376503 5.67183113 33.30990601
v 16.76806259 6.64346409 33.30990601
v 17.22843552 6.90723705 33.07740402
v 17.03625679 6.79712772 33.17445755
v 19.02041054 15.40067196 28.85877991
v 19.49065018 15.72071171 28.44704056
v 18.35875320 16.13551712 28.85877991
v 18.93293953 16.58248329 28.32856178
v 18.59530830 16.31966019 28.64033699
v 6.69236517 20.50221825 31.04182243
v 6.96327019 19.84450150 31.40027618
v 6.80001497 19.72286034 31.52996826
v 6.66058254 19.61896896 31.64073372
v 6.41073322 19.73020935 31.64073372
v 6.67515278 20.54400826 31.01904678
v 5.73903179 19.87298393 31.64073372
v 5.60841990 20.29206848 31.36110306
v 6.56022644 20.87794113 30.79788208
v 5.90408468 20.47406197 31.18614578
v 7.93151760 9.40050125 35.87651825
v 7.77952337 9.26273346 35.96641159
v 7.56740713 9.07046986 36.09186172
v 6.72177887 9.68485451 36.09186172
v 6.71022129 9.76156998 36.06711960
v 7.74619341 9.70424652 35.81527328
v 7.45888519 10.17514420 35.72032547
v 7.14236021 10.00029087 35.86694336
v -0.41519547 3.95032120 37.79183197
v 1.22743988 11.67831802 36.14014816
v 0.41519547 3.95032120 37.79183197
v 4.07869339 0.36417601 37.76103592
v 4.74033976 0.65137994 37.61398315
v 4.58813190 0.58531046 37.64781189
v 17.95609474 -18.51000786 27.74599648
v 19.11283875 -18.06307983 27.11998749
v 18.57595444 -17.82158470 27.74599648
v 17.53193474 -26.34792900 20.51291466
v 17.59552956 -26.36481667 20.42401886
v -0.66738564 26.22782326 27.18960571
v -2.65784073 25.28767014 28.23950195
v -1.69449520 26.22782326 27.18960571
v -1.92330945 26.66649437 26.69972992
v -3.21348095 30.57423401 22.33583832
v -1.73608637 26.80121422 26.54928398
v -1.23966360 27.15842628 26.15037537
v -0.85437226 27.23927307 26.06009102
v -0.69225073 26.53181267 26.85013390
v -0.74350691 27.15842628 26.15037537
v 12.95228100 33.14104080 12.30113888
v 13.02762508 32.95811844 12.72344017
v 12.84221458 33.40826416 11.68420982
v 13.50047874 33.32744217 11.08414459
v 14.24052906 32.78569412 11.68420982
v -3.21348095 -30.57423401 22.33583832
v -0.32432461 -33.21829987 17.73095894
v 0.61745071 -33.21829987 17.73095894
v 0.78391266 -33.81501007 16.69172859
v 0.47681370 -33.99231339 16.38293839
v -0.63257653 -33.59723282 17.07101250
v -0.53561443 -33.81501007 16.69172859
v 0.31751943 -33.96442032 16.43152237
v 2.65784073 -2.95183182 37.79183197
v 1.11935461 -10.75221920 36.33808136
v 1.12850797 -10.73704243 36.34132385
v 0.75074381 -10.61840343 36.36668015
v 0.27878195 -10.44706917 36.40329742
v 0.35990831 -9.63441467 36.57698441
v -0.41519547 -3.95032120 37.79183197
v 0.99304920 -9.44823742 36.61677551
v 0.44738415 -9.60869217 36.58248138
v 0.41519547 -3.95032120 37.79183197
v 3.62867641 -1.61559105 37.79183197
v 3.21348095 -2.33473015 37.79183197
v 1.22743988 3.77767372 37.79183197
v -3.88528156 0.82584190 37.79183197
v -12.97183228 -2.95547414 35.43642807
v -12.85617828 -2.73266459 35.51649475
v -13.20626354 -2.92634463 35.34064484
v -13.56036758 -2.88234472 35.19596481
v -18.74623489 -29.25726318 14.94900417
v -18.46316910 -29.46292305 14.94900417
v -18.35465240 -29.73159981 14.47372913
v -18.22588730 -30.05040932 13.90977383
v -19.05664635 -29.59647560 13.53511429
v -19.23164368 -29.31968498 13.90977383
v 9.22302818 -18.07355499 31.91071892
v 8.79518127 -19.11230087 31.34460449
v 8.46948624 -18.88417435 31.59362984
v 7.89540148 -18.48206711 32.03257370
v 8.86250114 -17.80492592 32.19712448
v 7.97226143 -18.20128632 32.19712448
v 22.39957619 25.18071938 17.17456818
v 22.57293510 25.64655113 16.34075928
v 22.61564445 25.76131439 16.13533783
v 22.68915367 25.75358963 16.07097435
v 22.72508621 25.74981308 16.03951073
v 22.75999069 25.71375275 16.05458832
v 22.94692802 25.52062416 16.13533783
v -17.86855125 6.84330559 32.75351715
v -17.55732727 7.80115461 32.75351715
v -23.22868729 10.34207726 28.23950195
v -18.21264076 6.83825445 32.51558685
v -18.58480453 3.95032120 32.90896606
v -17.90265274 7.80748844 32.51215744
v -18.36526871 7.81597281 32.18882370
v -1.98604012 18.89591599 32.90896606
v -18.49507141 30.99538994 11.05426788
v -17.35736275 30.06383514 15.45599174
v -18.98048210 31.05781174 10.01503754
v -18.58480453 32.18982697 7.90064335
v -18.81679535 31.31671143 9.66459370
v -18.27701378 31.15381813 11.05426788
v -18.19341850 31.36079407 10.68814182
v -18.15750122 31.44971657 10.53084087
v -18.25723457 31.62245941 9.91694641
v -10.72743988 33.01566696 15.45599174
v -6.48698187 33.88800430 15.50539589
v -6.44482040 33.92596436 15.45599174
v -5.86902809 34.01935196 15.50539589
v -3.62867641 34.52455521 15.45599174
v -5.86257219 34.04972839 15.45599174
v 1.51824558 36.86482239 8.21372318
v -20.57084465 14.94559383 28.23950195
v 15.02140427 24.88977814 24.13223457
v 14.77236557 24.76586533 24.40764999
v -24.87132263 5.28656197 28.23950195
v -12.08478642 35.60308456 3.36243296
v -11.48604012 35.35039902 7.90064335
v -12.35591984 35.54878616 2.78195477
v -12.17854881 35.67120743 2.40221596
v -11.80832386 35.73627472 3.27413893
v -11.63807011 35.81829834 3.21976447
v -11.97780323 35.75602341 2.44209981
v -11.66128540 35.88974762 2.50498533
v -35.37371826 12.71945286 2.09417081
v -35.31921768 13.21914291 1.11278152
v -35.83166504 11.64186192 1.11318076
v -35.83176422 11.64169788 1.11278152
v -35.83138275 11.64233780 1.11433458
v -35.52033234 12.82597446 0.44528386
v -35.83172607 11.64208889 1.11195993
v -35.83174896 11.64185238 1.11245668
v -29.16978264 23.21351242 5.56390953
v -28.96059227 23.37587929 6.01177025
v -28.80543518 23.74001503 4.78386784
v -28.47475815 24.04457283 5.18521929
v -24.87132263 27.62240219 7.90064335
v -2.53864789 -23.66775131 29.41516876
v -2.76154280 -24.43990707 28.82954788
v -3.08757544 -24.31416512 28.86987877
v -3.75308752 -24.05749321 28.95220757
v -3.53684425 -23.45557785 29.41516876
v -5.87132263 18.07007217 32.90896606
v -23.09705353 15.43976974 25.52043343
v -22.55757713 16.37417030 25.52043343
v -23.18966103 15.42886448 25.43696213
v -23.37578201 15.40694618 25.26919937
v -23.74384308 16.18070221 24.48120117
v -22.56232834 16.39249229 25.50560760
v -23.63699341 16.53776932 24.38516426
v -23.68512344 16.50755692 24.35548782
v -23.48124123 16.63554382 24.48120117
v -22.66442108 16.46666527 25.36545563
v -25.36260223 0.61234385 28.23950195
v -25.65739250 0.55085933 27.91928291
v -25.35129547 1.50332141 28.14805794
v -25.77657318 1.60281074 27.66412544
v -25.27093315 1.48452163 28.23950195
v -12.54069519 28.28430367 21.69924736
v -12.51421356 28.33172798 21.64255333
v -11.30545712 28.45941734 22.29564095
v -11.52909374 28.48292351 22.09982491
v -11.98658752 28.53100777 21.69924736
v 1.06934202 -9.42424679 36.61840057
v -6.44234085 5.77276039 36.78731155
v -5.55603600 4.64456844 37.08942795
v -5.08622551 5.27846527 37.07339478
v -5.52197933 6.01717854 36.89854050
v -5.97854567 5.89592934 36.84336472
v -7.85736275 24.18247795 28.23950195
v -30.40934181 8.55987358 20.60832977
v -30.69649506 8.75056553 20.03007507
v -30.18042564 8.40785599 21.06930542
v -30.78830910 7.41623211 20.59610939
v -30.46160507 7.54247665 21.06930542
v -30.85111618 8.61134338 19.84889221
v -30.92670059 8.54328728 19.76032639
v -31.05269623 7.65428638 20.03007507
v -25.18467903 1.48166263 28.30238724
v -25.27576828 0.61501396 28.30238724
v -31.85763550 15.58852482 12.79699230
v -31.37222481 15.75764751 13.83622265
v -31.17012215 16.77933121 12.79699230
v -31.60585022 16.37301254 12.25793552
v -6.68076420 33.93029404 15.29108334
v -7.06607151 34.12091446 14.46616459
v -7.01181698 34.17081833 14.35000896
v -6.92338085 34.19361115 14.33791256
v -5.77532864 34.48951340 14.18088150
v -5.57333994 34.43820190 14.46616459
v -22.56430626 16.40240288 25.49656105
v -22.57479286 16.45496178 25.44858360
v -3.47009897 15.40745926 34.29841995
v -3.79878521 15.05381203 34.42268753
v -4.29780293 14.94774246 34.42268753
v -4.58191347 15.01302719 34.36765671
v -4.66002798 15.03097725 34.35252380
v -4.85065079 15.92243671 33.94441223
v -3.86002660 16.27480698 33.88231659
v -4.51216269 16.04283905 33.92319489
v -17.82121658 31.70359421 10.23639011
v -17.65188026 31.83143425 10.08812046
v -17.63418961 31.86515999 10.01503754
v -17.64067841 31.86591148 10.00474644
v -17.64820290 31.86294174 10.00367546
v -12.82032681 -2.66823983 35.53546906
v -13.88580704 -2.84695077 35.05272675
v -13.85786057 -1.83426642 35.11255646
v -28.52143669 23.80212212 6.40538073
v -28.16275215 24.33193207 5.56390953
v -28.60573387 23.67760849 6.60313988
v -28.68437195 23.59027100 6.60313988
v -22.35553741 24.71180344 17.85195351
v -22.63758087 24.91671753 17.24811935
v -22.15216827 24.56404686 18.28734970
v -22.71426392 23.93977737 18.28734970
v -23.07947922 24.64675522 16.99078941
v -23.19967461 24.29244804 17.24811935
v -11.08307648 36.02426147 2.39633846
v -11.11944485 35.91233063 3.37141776
v -10.86428928 36.02955627 2.78195477
v -12.78718090 19.03623962 29.97156143
v -13.58074570 18.45968246 29.97156143
v -13.79893208 18.47896385 29.86647415
v -14.15695286 19.51574707 29.09997559
v -12.99298000 19.70275688 29.48926353
v -13.27481651 19.65747643 29.39500237
v 4.89951420 -1.14126778 36.72180176
v 3.55787373 -0.70534229 36.72180176
v 4.71410370 -0.57063389 35.68257141
v 4.89951420 1.14126778 36.72180176
v 5.72869396 0.00000000 36.72180176
v 3.55787373 0.70534229 36.72180176
v 4.04328346 -0.35267067 37.76103592
v 4.04328346 0.35267067 37.76103592
v 5.12869358 0.00000000 35.68257141
v 4.04328346 -0.35267067 35.68257141
v 4.04328346 0.35267067 35.68257141
v 4.71410370 0.57063389 35.68257141
v -4.56200123 5.27846527 36.16541290
v -5.57659149 4.70783138 35.12618256
v -5.16200161 5.27846527 35.12618256
v -5.39118099 4.13719749 36.16541290
v -5.39118099 6.41973305 36.16541290
v -6.73282146 5.98380756 36.16541290
v -6.24741173 5.63113594 35.12618256
v -5.57659149 5.84909916 35.12618256
v -6.73282146 4.57312298 36.16541290
v -6.24741173 4.92579365 35.12618256
v 1.24942684 -8.87000370 35.60902405
v 2.07860661 -10.01127148 35.60902405
v -0.09221268 -9.30592918 35.60902405
v -0.09221268 -10.71661377 35.60902405
v 0.39319611 -10.36394215 34.56979370
v 0.39319611 -9.65859985 34.56979370
v 1.24942684 -11.15253925 35.60902405
v 1.06401634 -10.58190536 34.56979370
v 1.47860622 -10.01127148 34.56979370
v 1.06401634 -9.44063759 34.56979370
v 7.57800961 10.54176998 35.05263138
v 6.23636818 10.10584450 35.05263138
v 7.57800961 8.25923347 35.05263138
v 6.23636818 8.69515896 35.05263138
v 7.39259911 8.82986736 34.01340103
v 7.80718899 9.40050125 34.01340103
v 7.39259911 8.82986736 36.09186172
v 8.40718842 9.40050125 35.05263138
v 6.72177887 9.04783058 34.01340103
v 6.72177887 9.75317287 34.01340103
v 6.72177887 9.04783058 36.09186172
v 7.39259911 9.97113609 34.01340103
v -12.80409336 -1.18918800 34.49623871
v -14.14573383 -1.62511444 34.49623871
v -12.57491302 -2.33045673 35.53546906
v -11.97491360 -2.33045673 34.49623871
v -12.98950291 -2.90109062 33.45700836
v -12.57491302 -2.33045673 33.45700836
v -12.80409336 -3.47172451 34.49623871
v -14.14573383 -3.03579903 34.49623871
v -13.66032314 -1.97778511 33.45700836
v -13.66032314 -2.68312740 33.45700836
v -12.98950291 -1.75982285 33.45700836
v 12.80259132 -6.76680756 33.93984985
v 13.63177109 -7.90807533 33.93984985
v 11.46095085 -7.20273304 33.93984985
v 11.94636059 -7.55540371 34.97908020
v 11.46095085 -8.61341763 33.93984985
v 11.94636059 -8.26074600 32.90061951
v 11.94636059 -7.55540371 32.90061951
v 12.80259132 -9.04934311 33.93984985
v 12.61718178 -8.47870922 32.90061951
v 13.03177166 -7.90807533 32.90061951
v 12.61718178 -7.33744144 32.90061951
v -2.94184494 15.40745926 33.38345718
v -3.95643520 14.83682537 32.34422684
v -3.54184532 15.40745926 32.34422684
v -3.77102470 14.26619148 33.38345718
v -3.95643520 14.83682537 34.42268753
v -3.77102470 16.54872704 33.38345718
v -5.11266518 16.11280060 33.38345718
v -4.62725544 15.05478764 32.34422684
v -4.62725544 15.76012993 32.34422684
v -5.11266518 14.70211697 33.38345718
v -3.95643520 15.97809315 32.34422684
v -6.66766548 -15.14871120 32.82706833
v -7.68225479 -14.57807732 33.86629868
v -7.49684525 -14.00744343 32.82706833
v -8.83848572 -14.44336891 32.82706833
v -8.83848572 -15.85405350 32.82706833
v -8.35307503 -15.50138187 31.78783798
v -8.35307503 -14.79603958 31.78783798
v -7.49684525 -16.28997803 32.82706833
v -7.68225479 -15.71934509 31.78783798
v -7.26766491 -15.14871120 31.78783798
v -7.68225479 -14.57807732 31.78783798
v 18.20154572 6.20893669 32.27067566
v 17.18695450 5.63830280 31.23144531
v 17.60154343 6.20893669 31.23144531
v 17.37236404 5.06766891 32.27067566
v 16.51613426 5.85626507 33.30990601
v 16.51613426 6.56160736 33.30990601
v 17.37236404 7.35020447 32.27067566
v 16.03072357 6.91427898 32.27067566
v 16.51613426 5.85626507 31.23144531
v 16.51613426 6.56160736 31.23144531
v 16.03072357 5.50359440 32.27067566
v 17.18695450 6.77957058 31.23144531
v -16.41609764 7.27166843 31.71428490
v -17.43068695 7.84230232 32.75351715
v -17.01609802 7.27166843 32.75351715
v -17.24527740 8.41293621 31.71428490
v -18.58691788 6.56632614 31.71428490
v -18.58691788 7.97701073 31.71428490
v -18.10150909 6.91899776 30.67505455
v -18.10150909 7.62434006 30.67505455
v -17.43068695 6.70103455 32.75351715
v -17.24527740 6.13040066 31.71428490
v -17.43068695 6.70103455 30.67505455
v -17.01609802 7.27166843 30.67505455
v -17.43068695 7.84230232 30.67505455
v 9.65767193 -18.07355499 31.15789413
v 8.64308167 -18.64418793 30.11866379
v 9.05767155 -18.07355499 30.11866379
v 8.82849216 -19.21482086 31.15789413
v 7.97226143 -17.72088242 32.19712448
v 8.64308167 -17.50292015 32.19712448
v 8.82849216 -16.93228531 31.15789413
v 7.48685169 -17.36821175 31.15789413
v 7.97226143 -18.42622566 30.11866379
v 7.97226143 -17.72088242 30.11866379
v 7.48685169 -18.77889633 31.15789413
v 8.64308167 -17.50292015 30.11866379
v 7.42444134 19.84450150 30.60150337
v 6.59526253 18.70323563 30.60150337
v 6.59526253 20.98577118 30.60150337
v 5.25362110 20.54984474 30.60150337
v 6.40985203 19.27386856 31.64073372
v 5.73903179 19.49183083 31.64073372
v 5.25362110 19.13916016 30.60150337
v 6.40985203 19.27386856 29.56227303
v 6.82444191 19.84450150 29.56227303
v 6.40985203 20.41513634 29.56227303
v 5.73903179 20.19717407 29.56227303
v 5.73903179 19.49183083 29.56227303
v -17.48317719 -10.82728291 30.04511261
v -18.49776840 -11.39791679 29.00588226
v -18.08317757 -10.82728291 29.00588226
v -18.31235695 -11.96855068 30.04511261
v -18.08317757 -10.82728291 31.08434296
v -18.49776840 -10.25664902 31.08434296
v -18.31235695 -9.68601513 30.04511261
v -19.65399742 -10.12194061 30.04511261
v -19.16858673 -10.47461224 29.00588226
v -18.49776840 -10.25664902 29.00588226
v -19.65399742 -11.53262520 30.04511261
v -19.16858673 -11.17995453 29.00588226
v 22.19718170 -3.65719604 29.48871994
v 23.02635956 -4.79846382 29.48871994
v 20.85554123 -4.09312153 29.48871994
v 21.34095001 -5.15113449 30.52795219
v 21.34095001 -4.44579220 30.52795219
v 20.85554123 -5.50380611 29.48871994
v 21.34095001 -5.15113449 28.44948959
v 21.34095001 -4.44579220 28.44948959
v 22.19718170 -5.93973160 29.48871994
v 22.01177025 -5.36909771 28.44948959
v 22.42636108 -4.79846382 28.44948959
v 22.01177025 -4.22782993 28.44948959
v -12.06443691 18.86729813 28.93233109
v -12.66443729 18.86729813 29.97156143
v -12.89361668 20.00856400 28.93233109
v -14.23525810 18.16195488 28.93233109
v -14.23525810 19.57263947 28.93233109
v -13.74984741 18.51462555 27.89310074
v -13.74984741 19.21996880 27.89310074
v -13.07902718 18.29666328 29.97156143
v -12.89361668 17.72602844 28.93233109
v -13.07902718 18.29666328 27.89310074
v -12.66443729 18.86729813 27.89310074
v -13.07902718 19.43793106 27.89310074
v -1.85143471 -23.54771233 28.37593842
v -2.86602402 -24.11834717 27.33670807
v -2.45143414 -23.54771233 27.33670807
v -2.68061447 -24.68898010 28.37593842
v -2.86602402 -22.97707748 29.41516876
v -2.45143414 -23.54771233 29.41516876
v -3.53684425 -23.19504166 29.41516876
v -2.68061447 -22.40644455 28.37593842
v -4.02225494 -22.84236908 28.37593842
v -3.53684425 -23.19504166 27.33670807
v -2.86602402 -22.97707748 27.33670807
v -4.02225494 -24.25305557 28.37593842
v -3.53684425 -23.90038300 27.33670807
v 19.85293198 15.72071171 27.81954956
v 18.83834267 15.15007782 26.78031921
v 19.25293350 15.72071171 26.78031921
v 19.02375412 14.57944393 27.81954956
v 18.16752243 15.36804008 28.85877991
v 18.16752243 16.07338333 28.85877991
v 18.83834267 15.15007782 28.85877991
v 19.02375412 16.86198044 27.81954956
v 17.68211365 16.42605400 27.81954956
v 18.16752243 16.07338333 26.78031921
v 18.83834267 16.29134560 26.78031921
v 17.68211365 15.01536942 27.81954956
v 18.16752243 15.36804008 26.78031921
v -24.62221909 2.17480755 27.26315689
v -25.96385956 1.73888206 27.26315689
v -24.80762863 1.60417366 28.30238724
v -24.39303970 1.03353977 28.30238724
v -24.62221909 -0.10772705 27.26315689
v -25.96385956 0.32819748 27.26315689
v -24.80762863 0.46290588 26.22392654
v -24.80762863 0.46290588 28.30238724
v -24.39303970 1.03353977 26.22392654
v -23.79303932 1.03353977 27.26315689
v -25.47844887 1.38621140 26.22392654
v -25.47844887 0.68086910 26.22392654
v -24.80762863 1.60417366 26.22392654
v 19.35141182 -18.06307983 26.70676613
v 18.33682251 -18.63371277 25.66753578
v 18.75141144 -18.06307983 25.66753578
v 18.52223206 -19.20434570 26.70676613
v 17.66600037 -17.71040726 27.74599648
v 18.33682251 -17.49244499 27.74599648
v 17.66600037 -18.41575050 27.74599648
v 18.52223206 -16.92181015 26.70676613
v 17.18059158 -17.35773659 26.70676613
v 17.66600037 -18.41575050 25.66753578
v 17.66600037 -17.71040726 25.66753578
v 17.18059158 -18.76842117 26.70676613
v 18.33682251 -17.49244499 25.66753578
v -0.00908470 26.14757919 26.15037537
v -1.02367401 25.57694626 25.11114502
v -0.60908508 26.14757919 25.11114502
v -1.02367401 25.57694626 27.18960571
v -0.60908508 26.14757919 27.18960571
v -1.69449520 25.79490852 27.18960571
v -2.17990494 26.85292244 26.15037537
v -0.83826447 25.00631332 26.15037537
v -1.69449520 26.50025177 25.11114502
v -1.02367401 26.71821404 25.11114502
v -1.69449520 25.79490852 25.11114502
v -2.17990494 25.44223785 26.15037537
v -15.91962242 -20.51502991 25.59398460
v -16.93421173 -21.08566284 24.55475426
v -16.51962280 -20.51502991 24.55475426
v -16.93421173 -19.94439507 26.63321495
v -16.51962280 -20.51502991 26.63321495
v -17.60503387 -20.16235733 26.63321495
v -16.74880219 -19.37376022 25.59398460
v -18.09044266 -19.80968666 25.59398460
v -16.74880219 -21.65629578 25.59398460
v -17.60503387 -20.16235733 24.55475426
v -16.93421173 -19.94439507 24.55475426
v -17.60503387 -20.86770058 24.55475426
v 27.18398285 3.06198502 23.99836349
v 27.18398285 4.20325375 23.99836349
v 27.59857178 3.63261890 23.99836349
v 26.51316261 3.27994823 23.99836349
v 26.51316261 3.98529053 23.99836349
v 27.36939240 4.77388763 25.03759384
v 26.02775192 4.33796215 25.03759384
v 26.51316261 3.27994823 26.07682419
v 26.51316261 3.98529053 26.07682419
v 26.02775192 2.92727661 25.03759384
v 27.36939240 2.49135113 25.03759384
v -21.57302284 15.84487629 24.48120117
v -22.58761215 15.27424240 23.44197083
v -22.17302322 15.84487629 23.44197083
v -22.17302322 15.84487629 25.52043343
v -22.58761215 15.27424240 25.52043343
v -22.40220261 16.98614502 24.48120117
v -22.40220261 14.70360851 24.48120117
v -23.25843430 16.19754791 23.44197083
v -22.58761215 16.41551018 23.44197083
v -23.25843430 15.49220467 23.44197083
v -23.74384308 15.13953400 24.48120117
v 6.38008785 -26.96533012 24.96404266
v 7.39467716 -27.53596497 23.92481232
v 6.56549740 -26.39469528 23.92481232
v 5.70926762 -27.18329239 24.96404266
v 5.22385693 -26.83062172 23.92481232
v 5.22385693 -28.24130630 23.92481232
v 5.70926762 -27.88863373 22.88558197
v 5.70926762 -27.18329239 22.88558197
v 6.38008785 -28.10659790 22.88558197
v 6.79467773 -27.53596497 22.88558197
v 6.38008785 -26.96533012 22.88558197
v 15.46239281 24.88977814 23.36841965
v 13.29157257 25.59511948 23.36841965
v 13.77698231 24.53710556 24.40764999
v 13.77698231 25.24244881 24.40764999
v 13.29157257 24.18443489 23.36841965
v 13.77698231 24.53710556 22.32918930
v 13.77698231 25.24244881 22.32918930
v 14.44780254 24.31914330 24.40764999
v 14.63321304 23.74850845 23.36841965
v 14.44780254 24.31914330 22.32918930
v 14.86239243 24.88977814 22.32918930
v 14.44780254 25.46041107 22.32918930
v -27.38200760 -7.71264172 22.81203079
v -28.72364998 -8.14856720 22.81203079
v -27.56741905 -8.28327560 23.85126114
v -27.15282822 -8.85390949 23.85126114
v -27.56741905 -9.42454338 21.77280045
v -27.38200760 -9.99517727 22.81203079
v -27.56741905 -9.42454338 23.85126114
v -27.15282822 -8.85390949 21.77280045
v -26.55282974 -8.85390949 22.81203079
v -28.23823929 -8.50123787 21.77280045
v -28.23823929 -9.20658016 21.77280045
v -27.56741905 -8.28327560 21.77280045
v 26.34725189 -12.75004101 21.21640778
v 27.20348167 -13.53863811 22.25563812
v 25.86184120 -13.10271168 22.25563812
v 27.01807022 -12.96800423 21.21640778
v 27.01807022 -11.82673550 23.29486847
v 27.20348167 -11.25610161 22.25563812
v 28.03266144 -12.39736938 22.25563812
v 25.86184120 -11.69202709 22.25563812
v 26.34725189 -12.75004101 23.29486847
v 26.34725189 -12.04469872 23.29486847
v 26.34725189 -12.04469872 21.21640778
v 27.43266106 -12.39736938 21.21640778
v 27.01807022 -11.82673550 21.21640778
v -10.36987495 27.64562607 21.69924736
v -10.96987438 27.64562607 22.73847771
v -11.19905472 28.78689194 21.69924736
v -12.54069519 26.94028282 21.69924736
v -12.05528545 27.29295349 22.73847771
v -12.05528545 27.99829674 20.66001701
v -12.05528545 27.29295349 20.66001701
v -11.38446426 27.07499123 22.73847771
v -11.19905472 26.50435638 21.69924736
v -11.38446426 27.07499123 20.66001701
v -10.96987438 27.64562607 20.66001701
v -11.38446426 28.21625900 20.66001701
v -9.07680416 -28.57213402 21.14285660
v -10.09139347 -29.14276886 20.10362625
v -9.67680454 -28.57213402 20.10362625
v -9.67680454 -28.57213402 22.18208694
v -10.09139347 -28.00149918 22.18208694
v -10.76221466 -28.21946335 22.18208694
v -9.90598392 -27.43086624 21.14285660
v -11.24762440 -27.86679077 21.14285660
v -9.90598392 -29.71340179 21.14285660
v -10.76221466 -28.21946335 20.10362625
v -10.09139347 -28.00149918 20.10362625
v -10.76221466 -28.92480469 20.10362625
v 27.58514023 13.16181564 20.58646584
v 26.24349976 15.00842571 20.58646584
v 26.72890854 13.95041180 21.62569618
v 26.72890854 14.65575409 21.62569618
v 27.39973068 13.73244953 21.62569618
v 26.24349976 13.59774113 20.58646584
v 27.39973068 13.73244953 19.54723549
v 27.81431961 14.30308342 19.54723549
v 27.39973068 14.87371731 19.54723549
v 26.72890854 14.65575409 19.54723549
v 26.72890854 13.95041180 19.54723549
v -30.56728745 7.57681465 18.99084473
v -29.71105576 6.78821754 20.03007507
v -31.05269623 7.22414398 20.03007507
v -29.89646530 7.35885143 18.99084473
v -28.88187790 7.92948627 20.03007507
v -29.89646530 8.50012016 21.06930542
v -29.48187637 7.92948627 21.06930542
v -29.71105576 9.07075405 20.03007507
v -30.56728745 8.28215694 18.99084473
v -29.48187637 7.92948627 18.99084473
v -29.89646530 7.35885143 21.06930542
v -29.89646530 8.50012016 18.99084473
v 18.21513367 -26.46244049 19.47368240
v 17.38595390 -25.32117462 19.47368240
v 16.04431152 -25.75709915 19.47368240
v 17.20054245 -25.89180756 20.51291466
v 16.52972412 -26.10977173 20.51291466
v 16.52972412 -26.81511307 20.51291466
v 16.04431152 -27.16778374 19.47368240
v 17.20054245 -27.03307533 18.43445206
v 17.61513329 -26.46244049 18.43445206
v 17.20054245 -25.89180756 18.43445206
v 16.52972412 -26.10977173 18.43445206
v 16.52972412 -26.81511307 18.43445206
v 6.58588505 31.33892441 18.91729355
v 5.57129478 30.76829147 17.87806320
v 5.98588467 31.33892441 17.87806320
v 5.75670528 30.19765854 18.91729355
v 5.57129478 30.76829147 19.95652390
v 5.98588467 31.33892441 19.95652390
v 4.90047455 30.98625374 19.95652390
v 4.41506481 32.04426575 18.91729355
v 4.90047455 30.98625374 17.87806320
v 4.90047455 31.69159698 17.87806320
v 4.41506481 30.63358307 18.91729355
v 5.57129478 31.90955925 17.87806320
v -24.19706726 -19.66891479 18.36090088
v -25.21165657 -19.09828186 19.40013123
v -24.79706573 -19.66891479 19.40013123
v -25.02624512 -18.52764893 18.36090088
v -26.36788559 -18.96357346 18.36090088
v -25.88247681 -19.31624413 19.40013123
v -25.88247681 -19.31624413 17.32167053
v -25.88247681 -20.02158737 17.32167053
v -25.02624512 -20.81018448 18.36090088
v -25.21165657 -20.23954964 17.32167053
v -24.79706573 -19.66891479 17.32167053
v -25.21165657 -19.09828186 17.32167053
v 32.50920868 -2.10732651 18.84374237
v 32.69461823 -1.53669262 17.80451202
v 31.35297775 -1.97261810 17.80451202
v 31.83838654 -3.03063107 18.84374237
v 31.83838654 -2.32528877 18.84374237
v 31.35297775 -3.38330269 17.80451202
v 31.83838654 -3.03063107 16.76528168
v 31.83838654 -2.32528877 16.76528168
v 32.69461823 -3.81922817 17.80451202
v 32.50920868 -3.24859428 16.76528168
v 32.92379761 -2.67796040 16.76528168
v 32.50920868 -2.10732651 16.76528168
v -21.02885437 24.02873993 17.24811935
v -22.04344368 24.59937286 18.28734970
v -21.62885284 24.02873993 18.28734970
v -21.85803413 25.17000771 17.24811935
v -22.71426392 23.67606926 18.28734970
v -23.19967461 23.32339859 17.24811935
v -22.71426392 24.38141251 16.20888901
v -22.71426392 23.67606926 16.20888901
v -22.04344368 23.45810699 18.28734970
v -21.85803413 22.88747215 17.24811935
v -22.04344368 23.45810699 16.20888901
v -21.62885284 24.02873993 16.20888901
v -22.04344368 24.59937286 16.20888901
v 1.36108494 -33.02060318 16.69172859
v 0.34649563 -33.59123611 15.65249825
v 0.76108551 -33.02060318 15.65249825
v 0.34649563 -32.44996643 17.73095894
v 0.76108551 -33.02060318 17.73095894
v -0.32432461 -32.66793060 17.73095894
v 0.53190517 -31.87933350 16.69172859
v -0.80973434 -32.31526184 16.69172859
v -0.32432461 -33.37327576 15.65249825
v -0.32432461 -32.66793060 15.65249825
v -0.80973434 -33.72594452 16.69172859
v 0.34649563 -32.44996643 15.65249825
v 21.40054321 25.36650467 16.13533783
v 21.88595200 25.01383400 17.17456818
v 22.74218369 23.51989365 16.13533783
v 21.40054321 23.95582008 16.13533783
v 22.55677414 24.09052849 15.09610748
v 22.55677414 24.09052849 17.17456818
v 22.97136307 24.66116333 15.09610748
v 23.57136154 24.66116333 16.13533783
v 21.88595200 24.30849075 17.17456818
v 21.88595200 25.01383400 15.09610748
v 21.88595200 24.30849075 15.09610748
v 22.55677414 25.23179626 15.09610748
v -32.21712494 -3.09709167 15.57894707
v -33.23171616 -2.52645779 16.61817741
v -32.81712723 -3.09709167 16.61817741
v -33.04630661 -1.95582390 15.57894707
v -34.38794708 -2.39174938 15.57894707
v -33.90253830 -2.74442005 14.53971672
v -33.90253830 -3.44976234 14.53971672
v -33.04630661 -4.23835945 15.57894707
v -33.23171616 -3.66772556 16.61817741
v -33.23171616 -3.66772556 14.53971672
v -32.81712723 -3.09709167 14.53971672
v -33.23171616 -2.52645779 14.53971672
v 28.13410950 -20.44202805 15.02255630
v 27.11951828 -21.01266098 13.98332500
v 27.53410912 -20.44202805 13.98332500
v 27.11951828 -19.87139511 16.06178665
v 27.53410912 -20.44202805 16.06178665
v 26.44869995 -20.08935738 16.06178665
v 26.44869995 -20.79470062 16.06178665
v 27.30492973 -19.30076027 15.02255630
v 25.96328735 -19.73668671 15.02255630
v 26.44869995 -20.79470062 13.98332500
v 26.44869995 -20.08935738 13.98332500
v 25.96328735 -21.14736938 15.02255630
v 27.11951828 -19.87139511 13.98332500
v -4.89525127 33.50489426 14.46616459
v -5.90984154 32.93426132 13.42693424
v -5.49525166 33.50489426 13.42693424
v -5.72443104 32.36362457 14.46616459
v -5.90984154 32.93426132 15.50539589
v -5.49525166 33.50489426 15.50539589
v -6.58066177 33.15222168 15.50539589
v -6.58066177 33.85756683 15.50539589
v -6.58066177 33.85756683 13.42693424
v -5.90984154 34.07552719 13.42693424
v -7.06607151 32.79955292 14.46616459
v -6.58066177 33.15222168 13.42693424
v -17.06082535 -29.01827621 13.90977383
v -18.07541466 -29.58891106 12.87054348
v -17.66082382 -29.01827621 12.87054348
v -17.89000320 -30.15954590 13.90977383
v -17.66082382 -29.01827621 14.94900417
v -18.07541466 -28.44764328 14.94900417
v -18.07541466 -29.58891106 14.94900417
v -18.74623489 -28.66560745 14.94900417
v -17.89000320 -27.87701035 13.90977383
v -19.23164368 -28.31293488 13.90977383
v -18.74623489 -28.66560745 12.87054348
v -18.74623489 -29.37094879 12.87054348
v -18.07541466 -28.44764328 12.87054348
v 33.65001297 10.26171398 13.35338306
v 32.30837250 9.82578850 13.35338306
v 32.79378128 9.47311783 14.39261341
v 33.46459961 9.69108009 14.39261341
v 33.65001297 7.97917843 13.35338306
v 32.30837250 8.41510391 13.35338306
v 33.46459961 8.54981232 12.31415272
v 33.46459961 8.54981232 14.39261341
v 33.87919235 9.12044621 12.31415272
v 32.79378128 8.76777554 14.39261341
v 32.79378128 9.47311783 12.31415272
v 32.79378128 8.76777554 12.31415272
v 33.46459961 9.69108009 12.31415272
v -30.70140457 15.27996922 13.83622265
v -31.37222481 15.49793148 13.83622265
v -30.51599503 14.70933533 12.79699230
v -30.28681564 15.85060310 13.83622265
v -30.70140457 16.42123795 13.83622265
v -29.68681335 15.85060310 12.79699230
v -30.51599503 16.99187088 12.79699230
v -31.85763550 15.14526081 12.79699230
v -31.37222481 15.49793148 11.75776196
v -31.37222481 16.20327377 11.75776196
v -30.70140457 16.42123795 11.75776196
v -30.28681564 15.85060310 11.75776196
v -30.70140457 15.27996922 11.75776196
v 13.33759022 -32.73906708 12.24060059
v 12.73759079 -32.73906708 13.27983189
v 12.50841141 -31.59779930 12.24060059
v 11.16676998 -32.03372574 12.24060059
v 12.32300091 -32.16843414 13.27983189
v 11.65218067 -32.38639832 13.27983189
v 11.65218067 -33.09173965 13.27983189
v 11.16676998 -33.44440842 12.24060059
v 12.32300091 -33.30970001 11.20137024
v 12.73759079 -32.73906708 11.20137024
v 12.32300091 -32.16843414 11.20137024
v 11.65218067 -32.38639832 11.20137024
v 11.65218067 -33.09173965 11.20137024
v 14.43671703 32.51566696 11.68420982
v 13.42212677 31.94503212 10.64497948
v 13.83671665 32.51566696 10.64497948
v 13.60753727 31.37439728 11.68420982
v 13.83671665 32.51566696 12.72344017
v 13.42212677 31.94503212 12.72344017
v 12.75130653 32.16299438 12.72344017
v 12.75130653 32.86833572 12.72344017
v 12.26589584 33.22100830 11.68420982
v 12.75130653 32.16299438 10.64497948
v 12.75130653 32.86833572 10.64497948
v 12.26589584 31.81032372 11.68420982
v 13.42212677 33.08629990 10.64497948
v -30.68729401 -15.11198330 11.12781906
v -31.70188522 -15.68261719 10.08858871
v -31.28729439 -15.11198330 10.08858871
v -31.51647377 -16.25325012 11.12781906
v -31.28729439 -15.11198330 12.16704941
v -31.70188522 -14.54134941 12.16704941
v -31.70188522 -15.68261719 12.16704941
v -32.37270355 -14.75931263 12.16704941
v -31.51647377 -13.97071552 11.12781906
v -32.85811615 -14.40664101 11.12781906
v -32.37270355 -14.75931263 10.08858871
v -32.37270355 -15.46465492 10.08858871
v -31.70188522 -14.54134941 10.08858871
v 34.25460052 -9.30546379 10.57142830
v 32.91296005 -9.74138927 10.57142830
v 34.06919098 -9.87609768 11.61065865
v 33.39837265 -10.09406090 11.61065865
v 33.39837265 -10.79940319 11.61065865
v 32.91296005 -11.15207386 10.57142830
v 34.06919098 -11.01736546 9.53219795
v 34.48377991 -10.44673157 9.53219795
v 34.06919098 -9.87609768 9.53219795
v 33.39837265 -10.09406090 9.53219795
v 33.39837265 -10.79940319 9.53219795
v -16.80966187 30.73029518 10.01503754
v -17.82425117 30.15966034 8.97580624
v -17.40966225 30.73029518 8.97580624
v -17.82425117 31.30093002 8.97580624
v -18.49507141 30.37762451 8.97580624
v -18.49507141 31.08296585 8.97580624
v -17.40966225 30.73029518 11.05426788
v -17.82425117 31.30093002 11.05426788
v -17.82425117 30.15966034 11.05426788
v -18.49507141 30.37762451 11.05426788
v -18.98048210 30.02495193 10.01503754
v -17.63884163 29.58902740 10.01503754
v -6.31011677 -34.97330475 9.45864582
v -7.32470608 -35.54393768 8.41941547
v -6.91011715 -34.97330475 8.41941547
v -7.32470608 -34.40267181 8.41941547
v -7.99552727 -35.32597733 8.41941547
v -7.99552727 -34.62063599 8.41941547
v -7.32470608 -34.40267181 10.49787617
v -6.91011715 -34.97330475 10.49787617
v -7.99552727 -34.62063599 10.49787617
v -7.13929653 -33.83203888 9.45864582
v -8.48093700 -34.26796341 9.45864582
v 28.30721664 21.50308990 8.90225506
v 28.79262924 21.15041733 9.94148540
v 29.46344757 21.36838150 9.94148540
v 29.87803841 20.79774666 9.94148540
v 29.64885902 19.65647888 8.90225506
v 28.30721664 20.09240341 8.90225506
v 29.46344757 20.22711182 7.86302471
v 29.46344757 20.22711182 9.94148540
v 29.87803841 20.79774666 7.86302471
v 28.79262924 20.44507599 9.94148540
v 28.79262924 21.15041733 7.86302471
v 28.79262924 20.44507599 7.86302471
v 29.46344757 21.36838150 7.86302471
v -34.56972885 4.45791245 8.34586430
v -35.58432007 3.88727856 7.30663395
v -35.16973114 4.45791245 7.30663395
v -35.39891052 3.31664467 8.34586430
v -35.16973114 4.45791245 9.38509464
v -35.58432007 5.02854633 9.38509464
v -35.58432007 3.88727856 9.38509464
v -36.25513840 4.10524082 9.38509464
v -35.39891052 5.59918022 8.34586430
v -36.25513840 4.10524082 7.30663395
v -36.25513840 4.81058311 7.30663395
v -35.58432007 5.02854633 7.30663395
v 23.81560516 -26.40262604 7.78947353
v 22.47396469 -26.83855247 7.78947353
v 22.95937347 -27.19122314 8.82870388
v 23.63019562 -26.97326088 8.82870388
v 24.04478455 -27.54389572 8.82870388
v 22.47396469 -28.24923706 7.78947353
v 23.63019562 -28.11452866 6.75024319
v 23.63019562 -28.11452866 8.82870388
v 24.04478455 -27.54389572 6.75024319
v 24.64478302 -27.54389572 7.78947353
v 22.95937347 -27.89656448 8.82870388
v 22.95937347 -27.19122314 6.75024319
v 22.95937347 -27.89656448 6.75024319
v 23.63019562 -26.97326088 6.75024319
v 1.92238235 36.26201630 8.27231312
v 1.50779247 36.83264923 8.27231312
v 2.52238274 36.26201630 7.23308182
v 0.35156250 36.96735764 7.23308182
v 0.83697224 35.90934372 8.27231312
v 0.83697224 36.61468506 8.27231312
v 0.35156250 35.55667114 7.23308182
v 0.83697224 35.90934372 6.19385147
v 0.83697224 36.61468506 6.19385147
v 1.50779247 35.69138336 8.27231312
v 1.69320297 35.12074661 7.23308182
v 1.50779247 35.69138336 6.19385147
v 1.92238235 36.26201630 6.19385147
v 1.50779247 36.83264923 6.19385147
v -25.17364693 -24.77980423 6.67669106
v -26.51528931 -25.21572876 6.67669106
v -26.02987671 -25.56839943 7.71592140
v -25.35905838 -25.35043716 7.71592140
v -24.94446754 -25.92107010 7.71592140
v -25.35905838 -26.49170494 5.63746071
v -25.17364693 -27.06233978 6.67669106
v -25.35905838 -26.49170494 7.71592140
v -24.94446754 -25.92107010 5.63746071
v -24.34446716 -25.92107010 6.67669106
v -26.02987671 -26.27374268 7.71592140
v -26.02987671 -25.56839943 5.63746071
v -26.02987671 -26.27374268 5.63746071
v -25.35905838 -25.35043716 5.63746071
v 36.81351471 3.00460720 6.12030029
v 35.47187042 2.56868076 6.12030029
v 35.95728302 2.21601009 7.15953064
v 36.62810516 2.43397236 7.15953064
v 37.04269409 1.86333847 7.15953064
v 36.62810516 1.29270458 5.08106995
v 37.04269409 1.86333847 5.08106995
v 36.81351471 0.72207069 6.12030029
v 36.62810516 1.29270458 7.15953064
v 35.95728302 1.51066780 7.15953064
v 35.47187042 1.15799618 6.12030029
v 35.95728302 2.21601009 5.08106995
v 35.95728302 1.51066780 5.08106995
v 36.62810516 2.43397236 5.08106995
v -27.82814026 24.44065475 5.56390953
v -28.01355171 23.87001991 6.60313988
v -27.59896088 23.29938507 6.60313988
v -26.99896240 23.29938507 5.56390953
v -28.01355171 22.72875214 4.52467918
v -27.59896088 23.29938507 4.52467918
v -27.82814026 22.15811920 5.56390953
v -28.01355171 22.72875214 6.60313988
v -29.16978264 22.59404373 5.56390953
v -28.68437195 22.94671631 6.60313988
v -28.68437195 23.65205765 4.52467918
v -28.68437195 22.94671631 4.52467918
v -28.01355171 23.87001991 4.52467918
v 6.26562405 -36.30790710 5.00751877
v 5.25103474 -35.73727417 6.04674911
v 5.66562462 -36.30790710 6.04674911
v 5.43644428 -35.16664124 5.00751877
v 4.09480381 -35.60256577 5.00751877
v 4.58021450 -36.66057968 6.04674911
v 4.58021450 -35.95523834 6.04674911
v 4.09480381 -37.01325226 5.00751877
v 4.58021450 -36.66057968 3.96828747
v 4.58021450 -35.95523834 3.96828747
v 5.66562462 -36.30790710 3.96828747
v 5.25103474 -36.87854004 3.96828747
v 5.25103474 -35.73727417 3.96828747
v 19.86025238 30.95850372 4.45112705
v 20.34566116 30.60583496 5.49035740
v 21.43107224 30.25316238 5.49035740
v 21.20189285 29.11189461 4.45112705
v 19.86025238 29.54782104 4.45112705
v 21.01648331 29.68252945 3.41189671
v 21.01648331 29.68252945 5.49035740
v 21.43107224 30.25316238 3.41189671
v 20.34566116 29.90049171 5.49035740
v 20.34566116 30.60583496 3.41189671
v 20.34566116 29.90049171 3.41189671
v 21.01648331 30.82379532 3.41189671
v -34.65744781 -8.25071526 3.89473629
v -35.67203903 -7.68008137 4.93396664
v -35.25745010 -8.25071526 4.93396664
v -35.48662949 -7.10944748 3.89473629
v -36.34285736 -7.89804363 4.93396664
v -36.34285736 -8.60338593 4.93396664
v -36.34285736 -7.89804363 2.85550594
v -36.34285736 -8.60338593 2.85550594
v -35.67203903 -8.82134914 4.93396664
v -35.48662949 -9.39198303 3.89473629
v -35.67203903 -8.82134914 2.85550594
v -35.25745010 -8.25071526 2.85550594
v -35.67203903 -7.68008137 2.85550594
v 32.24640274 -17.59384155 4.37757587
v 32.43181229 -17.02320862 3.33834553
v 31.09017181 -17.45913315 3.33834553
v 31.57558060 -18.51714706 4.37757587
v 31.57558060 -17.81180573 4.37757587
v 31.09017181 -18.86981964 3.33834553
v 31.57558060 -18.51714706 2.29911518
v 31.57558060 -17.81180573 2.29911518
v 32.24640274 -18.73511124 4.37757587
v 32.24640274 -18.73511124 2.29911518
v 32.66099167 -18.16447639 2.29911518
v 32.24640274 -17.59384155 2.29911518
v -10.18509865 35.09473419 2.78195477
v -11.19968891 34.52409744 1.74272346
v -10.78509903 35.09473419 1.74272346
v -10.78509903 35.09473419 3.82118511
v -11.19968891 35.66536713 3.82118511
v -12.35591984 34.38938904 2.78195477
v -11.87050915 34.74206161 3.82118511
v -11.87050915 35.44740295 3.82118511
v -11.01427841 33.95346451 2.78195477
v -11.19968891 34.52409744 3.82118511
v -11.87050915 35.44740295 1.74272346
v -11.19968891 35.66536713 1.74272346
v -11.87050915 34.74206161 1.74272346
v -14.12679386 -33.60262299 2.22556305
v -14.72679329 -33.60262299 3.26479435
v -14.95597267 -32.46135330 2.22556305
v -16.29761505 -32.89727783 2.22556305
v -15.14138317 -33.03199005 3.26479435
v -15.14138317 -34.17325592 3.26479435
v -15.81220341 -33.24995041 3.26479435
v -14.72679329 -33.60262299 1.18633270
v -15.14138317 -34.17325592 1.18633270
v -15.14138317 -33.03199005 1.18633270
v -15.81220341 -33.24995041 1.18633270
v -15.81220341 -33.95529175 1.18633270
v 34.21215057 13.86524677 0.62994194
v 34.62674332 14.43588066 0.62994194
v 34.39756012 13.29461288 1.66917229
v 34.21215057 15.00651455 2.70840263
v 34.21215057 13.86524677 2.70840263
v 34.62674332 14.43588066 2.70840263
v 33.54133224 14.78855133 2.70840263
v 33.54133224 14.08320904 2.70840263
v 34.39756012 15.57714844 1.66917229
v 33.05592346 15.14122295 1.66917229
v 33.54133224 14.78855133 0.62994194
v 34.21215057 15.00651455 0.62994194
v 33.05592346 13.73053837 1.66917229
v 33.54133224 14.08320904 0.62994194
v -33.66128922 12.34715271 1.11278152
v -34.67588043 12.91778660 2.15201187
v -34.26129150 12.34715271 2.15201187
v -34.49047089 13.48842049 1.11278152
v -35.34669876 11.99448204 2.15201187
v -35.34669876 12.69982433 2.15201187
v -35.34669876 11.99448204 0.07355118
v -35.34669876 12.69982433 0.07355118
v -34.67588043 11.77651882 2.15201187
v -34.49047089 11.20588493 1.11278152
v -34.67588043 11.77651882 0.07355118
v -34.26129150 12.34715271 0.07355118
v -34.67588043 12.91778660 0.07355118
v 18.57114220 -32.66395187 0.55639076
v 17.55655289 -32.09331894 1.59562111
v 17.97114182 -32.66395187 1.59562111
v 17.74196243 -31.52268600 0.55639076
v 16.40032196 -31.95861053 0.55639076
v 16.88573074 -33.01662445 1.59562111
v 16.88573074 -32.31127930 1.59562111
v 16.40032196 -33.36929321 0.55639076
v 17.55655289 -33.23458862 1.59562111
v 9.44169998 36.39410400 1.03923035
v 9.44169998 35.25283813 1.03923035
v 9.85628986 35.82347107 1.03923035
v 8.77087975 36.17613983 1.03923035
v 8.77087975 35.47079849 1.03923035
v -30.83478928 -19.58966446 0.48283863
v -30.42020035 -20.16029739 0.48283863
v -31.50560951 -19.80762672 0.48283863
v -31.50560951 -20.51296997 0.48283863
v -30.83478928 -20.73093224 0.48283863
f 1 2 3
f 4 5 6
f 7 8 9
f 10 11 12
f 13 14 15
f 16 17 18
f 19 20 21
f 22 23 24
f 25 26 27
f 28 29 30
f 31 32 33
f 34 35 36
f 37 38 39
f 38 40 41
f 42 43 44
f 45 46 47
f 48 15 49
f 50 51 52
f 53 54 55
f 16 18 53
f 56 57 58
f 59 60 61
f 62 63 64
f 65 66 67
f 66 65 68
f 69 70 34
f 71 72 29
f 73 40 74
f 75 76 27
f 26 55 27
f 77 78 79
f 51 80 52
f 81 19 82
f 46 83 7
f 84 85 45
f 86 87 17
f 88 89 90
f 91 92 53
f 75 56 76
f 86 93 87
f 54 94 55
f 95 96 97
f 54 98 94
f 64 63 99
f 30 100 81
f 101 5 102
f 61 21 103
f 104 105 67
f 106 34 19
f 14 71 29
f 107 108 109
f 20 34 36
f 40 12 41
f 110 99 111
f 99 110 112
f 53 55 26
f 58 113 76
f 37 73 74
f 76 37 114
f 56 58 76
f 56 77 79
f 115 59 116
f 85 46 45
f 117 118 119
f 118 109 119
f 120 84 121
f 55 122 56
f 17 123 18
f 124 17 92
f 125 126 118
f 127 71 14
f 128 129 130
f 15 131 49
f 132 133 134
f 76 113 135
f 57 136 113
f 137 138 139
f 140 81 5
f 29 100 30
f 28 30 4
f 15 14 131
f 14 29 131
f 67 141 65
f 69 142 70
f 143 8 69
f 143 69 34
f 143 34 106
f 91 53 144
f 105 145 67
f 146 66 147
f 11 66 68
f 144 53 26
f 144 26 25
f 18 148 98
f 149 130 77
f 58 57 113
f 25 114 150
f 135 73 37
f 76 135 37
f 151 152 153
f 154 155 136
f 98 149 94
f 50 52 78
f 156 47 157
f 83 142 8
f 20 36 21
f 34 70 35
f 31 158 159
f 160 7 43
f 92 16 53
f 92 17 16
f 119 161 162
f 17 117 123
f 148 119 163
f 98 163 164
f 125 118 87
f 93 125 87
f 165 166 167
f 121 84 168
f 161 169 165
f 22 24 152
f 98 164 149
f 4 30 140
f 170 171 111
f 172 63 173
f 63 172 170
f 113 136 174
f 62 175 173
f 4 140 5
f 30 81 140
f 115 116 111
f 49 131 176
f 111 116 110
f 100 143 106
f 7 9 72
f 83 8 7
f 8 142 69
f 116 105 110
f 61 103 105
f 40 177 10
f 178 179 174
f 27 55 75
f 55 56 75
f 53 18 54
f 18 98 54
f 150 37 39
f 114 37 150
f 180 181 177
f 174 182 73
f 179 134 183
f 79 78 57
f 79 57 56
f 184 13 15
f 162 161 165
f 163 128 164
f 158 120 121
f 185 85 84
f 186 31 126
f 31 186 187
f 187 158 31
f 120 185 84
f 87 118 117
f 87 117 17
f 94 149 77
f 55 94 122
f 124 86 17
f 148 163 98
f 117 119 123
f 157 42 188
f 118 107 109
f 189 95 190
f 42 160 43
f 22 152 151
f 166 191 192
f 193 153 194
f 184 15 195
f 195 15 196
f 197 198 199
f 176 28 4
f 170 99 63
f 99 170 111
f 172 198 170
f 200 201 202
f 19 34 20
f 103 203 141
f 82 19 60
f 60 19 21
f 59 61 105
f 201 4 6
f 134 64 204
f 64 99 204
f 102 59 115
f 101 102 115
f 110 105 104
f 40 10 12
f 145 141 67
f 29 72 205
f 72 143 205
f 46 206 83
f 206 142 83
f 116 59 105
f 60 21 61
f 73 180 40
f 177 146 10
f 27 76 114
f 27 114 25
f 74 40 38
f 37 74 38
f 134 204 183
f 155 207 179
f 138 208 133
f 207 134 179
f 78 209 57
f 52 80 210
f 211 89 88
f 130 129 50
f 212 206 46
f 85 212 46
f 213 107 118
f 126 213 118
f 214 13 97
f 158 121 159
f 94 77 122
f 122 77 56
f 164 128 149
f 149 128 130
f 215 211 88
f 119 162 163
f 123 148 18
f 123 119 148
f 108 215 169
f 109 161 119
f 168 84 156
f 108 151 215
f 151 108 22
f 165 167 216
f 216 167 128
f 153 2 1
f 43 217 127
f 196 15 48
f 80 218 210
f 219 218 80
f 219 220 218
f 221 220 219
f 221 137 220
f 192 137 221
f 192 138 137
f 191 138 192
f 191 208 138
f 90 208 191
f 90 222 208
f 89 222 90
f 89 175 222
f 194 175 89
f 194 199 175
f 1 199 194
f 1 197 199
f 3 197 1
f 3 223 197
f 189 223 3
f 189 200 223
f 190 200 189
f 190 224 200
f 225 224 190
f 225 226 224
f 195 226 225
f 195 48 226
f 48 195 196
f 176 131 28
f 131 29 28
f 48 176 226
f 200 227 201
f 197 202 198
f 100 106 81
f 81 106 19
f 202 101 198
f 201 101 202
f 199 198 172
f 9 8 143
f 72 9 143
f 205 143 100
f 29 205 100
f 102 5 59
f 82 60 59
f 147 66 11
f 78 52 209
f 62 173 63
f 139 132 155
f 228 139 155
f 209 228 154
f 77 50 78
f 77 130 50
f 229 221 129
f 128 229 129
f 163 216 128
f 162 165 163
f 126 33 213
f 33 126 31
f 213 230 107
f 230 213 33
f 159 121 32
f 31 159 32
f 24 231 232
f 231 157 188
f 107 22 108
f 22 107 230
f 211 194 89
f 194 211 193
f 95 97 190
f 152 233 153
f 48 49 176
f 200 202 223
f 223 202 197
f 5 82 59
f 5 81 82
f 6 5 101
f 201 6 101
f 171 101 115
f 171 115 111
f 199 173 175
f 173 199 172
f 105 103 145
f 145 103 141
f 103 21 203
f 67 234 104
f 234 67 66
f 181 146 177
f 104 112 110
f 112 104 234
f 146 112 234
f 136 155 178
f 154 228 155
f 235 228 209
f 218 220 228
f 139 138 132
f 132 138 133
f 133 222 62
f 222 175 62
f 228 137 139
f 220 137 228
f 129 221 219
f 129 219 80
f 229 192 221
f 128 167 229
f 169 88 165
f 169 215 88
f 163 165 216
f 165 88 166
f 33 32 230
f 168 156 231
f 46 7 160
f 217 7 72
f 217 72 127
f 43 7 217
f 236 188 96
f 44 43 127
f 151 153 193
f 215 193 211
f 193 215 151
f 161 108 169
f 109 108 161
f 230 32 23
f 230 23 22
f 194 153 1
f 97 184 195
f 97 13 184
f 190 97 225
f 225 97 195
f 153 233 2
f 237 96 95
f 176 4 227
f 227 4 201
f 226 176 224
f 198 171 170
f 198 101 171
f 10 147 11
f 10 146 147
f 178 155 179
f 180 177 40
f 204 99 238
f 182 181 180
f 146 234 66
f 52 235 209
f 235 218 228
f 57 154 136
f 209 154 57
f 155 132 207
f 207 132 134
f 208 222 133
f 134 62 64
f 133 62 134
f 50 129 51
f 129 80 51
f 88 90 166
f 166 90 191
f 93 126 125
f 186 126 93
f 32 168 231
f 32 121 168
f 127 72 71
f 13 127 14
f 214 127 13
f 44 127 214
f 232 188 233
f 231 188 232
f 32 231 23
f 23 231 24
f 2 237 189
f 237 95 189
f 224 176 227
f 224 227 200
f 21 239 203
f 21 36 239
f 73 182 180
f 136 178 174
f 181 238 146
f 181 204 238
f 52 218 235
f 210 218 52
f 166 192 167
f 167 192 229
f 84 47 156
f 84 45 47
f 240 44 96
f 188 240 96
f 233 188 236
f 2 233 237
f 24 233 152
f 24 232 233
f 3 2 189
f 135 174 73
f 113 174 135
f 179 181 182
f 174 179 182
f 238 99 112
f 238 112 146
f 231 156 157
f 47 46 160
f 47 160 42
f 157 47 42
f 96 214 97
f 96 44 214
f 188 42 240
f 240 42 44
f 236 96 237
f 233 236 237
f 183 204 181
f 179 183 181
f 241 242 243
f 244 25 150
f 25 244 144
f 150 245 244
f 39 245 150
f 39 246 245
f 38 246 39
f 38 247 246
f 41 247 38
f 41 248 247
f 12 248 41
f 12 249 248
f 11 249 12
f 11 250 249
f 68 250 11
f 68 251 250
f 68 252 251
f 65 252 68
f 65 253 252
f 141 253 65
f 141 254 253
f 203 254 141
f 203 255 254
f 239 255 203
f 239 256 255
f 36 256 239
f 256 36 257
f 257 36 258
f 35 258 36
f 258 35 259
f 35 260 259
f 70 260 35
f 260 70 261
f 262 144 244
f 262 91 144
f 263 91 262
f 263 92 91
f 264 92 263
f 264 124 92
f 265 124 264
f 265 86 124
f 266 86 265
f 266 93 86
f 267 93 266
f 243 93 267
f 268 243 242
f 268 93 243
f 268 186 93
f 269 186 268
f 270 186 269
f 270 187 186
f 271 187 270
f 271 158 187
f 272 158 271
f 272 120 158
f 273 120 272
f 273 185 120
f 274 185 273
f 274 85 185
f 275 85 274
f 275 212 85
f 276 212 275
f 206 276 261
f 142 261 70
f 276 206 212
f 261 142 206
f 277 268 242
f 268 277 278
f 279 280 281
f 280 282 283
f 280 279 282
f 258 279 257
f 284 279 258
f 279 284 282
f 285 286 287
f 286 288 289
f 286 285 288
f 290 285 291
f 285 290 288
f 292 293 294
f 293 292 295
f 296 297 298
f 296 299 297
f 300 301 299
f 300 302 301
f 302 303 304
f 303 302 300
f 299 296 300
f 305 296 298
f 306 296 305
f 306 303 296
f 307 303 306
f 303 307 304
f 308 309 310
f 311 312 313
f 314 315 316
f 315 317 318
f 317 315 314
f 317 319 318
f 319 317 320
f 321 322 323
f 324 325 326
f 327 328 329
f 330 331 332
f 333 331 330
f 328 331 333
f 331 328 327
f 334 330 332
f 335 336 337
f 338 339 340
f 341 342 343
f 320 342 341
f 320 344 342
f 320 345 344
f 320 346 345
f 347 346 320
f 346 347 348
f 348 347 349
f 350 341 343
f 351 341 350
f 347 351 349
f 351 347 341
f 352 353 354
f 352 355 353
f 352 356 355
f 357 356 352
f 356 357 358
f 359 360 361
f 362 363 364
f 365 366 367
f 368 366 365
f 369 366 368
f 369 370 366
f 370 369 371
f 296 303 261
f 372 373 374
f 375 376 377
f 323 376 375
f 376 323 378
f 378 323 379
f 380 260 381
f 382 260 380
f 379 260 382
f 260 379 323
f 383 384 385
f 263 386 387
f 386 262 388
f 262 386 263
f 387 317 263
f 389 317 387
f 262 389 388
f 389 262 317
f 390 391 392
f 312 393 313
f 312 394 393
f 312 395 394
f 390 395 312
f 396 390 397
f 395 390 396
f 398 313 393
f 390 399 397
f 398 390 313
f 399 390 398
f 311 313 400
f 401 402 324
f 262 244 403
f 404 405 406
f 407 408 409
f 408 407 410
f 409 411 407
f 409 412 411
f 412 409 413
f 414 412 413
f 415 416 417
f 274 418 275
f 375 419 261
f 419 375 420
f 420 375 377
f 421 261 419
f 260 421 381
f 421 260 261
f 422 259 323
f 259 422 258
f 422 256 257
f 256 422 323
f 423 303 424
f 425 303 423
f 321 425 426
f 425 321 303
f 391 427 428
f 429 430 431
f 430 429 432
f 433 432 429
f 432 433 434
f 435 436 437
f 438 436 435
f 439 436 438
f 430 440 441
f 439 430 436
f 440 430 439
f 431 430 441
f 442 249 443
f 444 249 442
f 249 444 360
f 250 444 445
f 444 250 360
f 443 250 445
f 250 443 249
f 403 446 317
f 447 403 448
f 446 403 447
f 448 311 449
f 311 448 403
f 392 391 450
f 400 451 452
f 313 451 400
f 451 313 453
f 313 454 453
f 454 313 455
f 456 390 392
f 324 402 325
f 457 458 459
f 460 461 462
f 461 463 462
f 461 464 463
f 465 266 466
f 464 266 465
f 266 464 461
f 461 460 467
f 468 467 460
f 469 467 468
f 470 467 469
f 471 467 470
f 266 472 466
f 471 266 467
f 472 266 471
f 269 473 405
f 473 269 268
f 267 473 243
f 473 267 405
f 474 455 475
f 476 477 478
f 340 479 480
f 340 480 476
f 477 476 480
f 476 478 481
f 481 478 482
f 483 340 484
f 485 340 483
f 479 340 485
f 486 487 436
f 409 450 488
f 489 490 367
f 491 492 292
f 357 493 300
f 300 494 424
f 337 495 496
f 497 495 337
f 498 497 499
f 495 497 498
f 500 496 501
f 496 500 337
f 502 500 501
f 503 500 502
f 499 500 503
f 500 499 497
f 321 323 375
f 504 252 253
f 264 317 314
f 505 506 507
f 506 508 507
f 506 509 508
f 406 509 506
f 510 406 511
f 509 406 510
f 506 505 476
f 512 476 505
f 512 406 476
f 406 512 511
f 513 514 515
f 516 514 513
f 514 516 517
f 518 516 519
f 520 516 518
f 517 516 520
f 515 390 513
f 521 390 515
f 522 390 521
f 523 390 522
f 516 524 519
f 523 516 390
f 524 516 523
f 391 428 450
f 390 516 391
f 427 525 432
f 392 526 527
f 392 528 526
f 528 450 529
f 450 528 392
f 530 392 527
f 530 409 392
f 529 409 530
f 409 529 450
f 456 392 409
f 531 532 533
f 313 456 455
f 454 455 534
f 400 535 474
f 400 536 535
f 400 537 536
f 537 400 452
f 538 474 535
f 539 474 538
f 540 474 539
f 455 541 534
f 540 455 474
f 541 455 540
f 542 401 543
f 544 545 546
f 547 542 543
f 467 314 339
f 548 341 339
f 311 400 347
f 549 548 550
f 320 549 319
f 549 320 548
f 314 316 551
f 552 295 545
f 416 553 366
f 336 554 337
f 546 555 336
f 430 359 556
f 525 557 432
f 557 525 558
f 558 525 559
f 560 557 561
f 557 560 432
f 562 563 564
f 370 337 565
f 566 252 504
f 567 563 361
f 563 567 566
f 525 568 559
f 525 569 568
f 525 570 569
f 570 525 249
f 571 560 561
f 570 560 571
f 560 570 249
f 360 572 567
f 360 573 572
f 251 573 360
f 573 251 574
f 575 567 572
f 576 567 575
f 577 567 576
f 577 251 567
f 251 577 574
f 367 490 336
f 556 361 578
f 579 553 416
f 364 363 580
f 581 582 583
f 581 584 582
f 581 585 584
f 585 586 587
f 586 585 581
f 321 375 303
f 303 375 261
f 588 424 494
f 424 589 590
f 424 588 589
f 494 591 588
f 592 321 593
f 591 321 592
f 321 591 494
f 594 424 590
f 424 594 423
f 595 321 426
f 321 595 593
f 580 565 321
f 596 255 256
f 560 249 360
f 597 312 311
f 427 248 525
f 427 247 248
f 246 598 599
f 247 598 246
f 600 247 601
f 598 247 600
f 599 516 246
f 602 516 599
f 516 602 603
f 604 601 247
f 513 245 516
f 262 403 317
f 605 606 607
f 606 605 608
f 609 610 332
f 611 612 613
f 611 614 612
f 611 615 614
f 615 611 310
f 613 309 611
f 616 309 613
f 616 310 309
f 617 310 616
f 618 310 617
f 310 618 615
f 597 244 513
f 313 390 456
f 341 347 542
f 347 400 542
f 619 620 533
f 543 401 324
f 620 621 622
f 402 623 325
f 475 413 327
f 486 624 625
f 626 476 406
f 339 627 628
f 341 629 630
f 341 630 627
f 629 341 631
f 341 627 339
f 632 629 631
f 633 626 634
f 626 633 338
f 635 338 633
f 338 635 461
f 548 320 341
f 314 636 339
f 636 314 637
f 637 314 638
f 314 639 638
f 639 314 551
f 640 339 636
f 641 339 640
f 548 641 642
f 548 642 550
f 641 548 339
f 370 335 337
f 489 367 366
f 643 370 363
f 322 644 645
f 322 646 644
f 596 646 322
f 646 596 647
f 647 596 648
f 645 323 322
f 649 323 645
f 596 649 648
f 649 596 323
f 650 489 553
f 553 489 366
f 596 256 323
f 555 651 652
f 555 653 651
f 555 654 653
f 555 655 654
f 554 655 555
f 656 554 657
f 655 554 656
f 652 336 555
f 658 336 652
f 554 658 657
f 658 554 336
f 436 430 556
f 500 497 596
f 554 555 497
f 251 566 567
f 566 251 252
f 659 660 562
f 566 661 563
f 661 566 662
f 663 566 664
f 662 566 663
f 665 563 661
f 504 664 566
f 664 504 666
f 665 504 563
f 667 504 665
f 668 504 667
f 666 504 668
f 669 432 670
f 432 669 427
f 671 427 669
f 427 671 428
f 672 428 671
f 672 432 428
f 673 432 672
f 674 432 673
f 670 432 674
f 428 675 676
f 675 428 432
f 676 450 428
f 677 450 676
f 432 677 675
f 677 432 450
f 556 359 361
f 560 678 679
f 360 680 560
f 681 560 680
f 678 560 681
f 560 679 359
f 682 359 679
f 683 359 682
f 684 359 683
f 684 360 359
f 685 360 684
f 686 360 685
f 680 360 686
f 525 248 249
f 545 295 659
f 545 687 688
f 544 687 545
f 687 544 689
f 689 544 690
f 688 552 545
f 691 552 688
f 552 691 692
f 693 690 544
f 491 292 294
f 694 491 695
f 586 696 697
f 698 415 417
f 581 699 586
f 276 296 261
f 323 259 260
f 700 701 702
f 703 704 352
f 705 254 706
f 706 254 255
f 564 504 705
f 564 563 504
f 263 317 264
f 244 245 513
f 265 467 266
f 391 516 427
f 707 516 603
f 427 707 708
f 707 427 516
f 604 427 708
f 427 604 247
f 312 597 390
f 597 513 390
f 455 456 408
f 455 408 475
f 486 436 624
f 309 409 611
f 458 543 324
f 621 459 709
f 700 710 711
f 710 700 712
f 713 711 710
f 713 714 711
f 714 713 715
f 716 494 300
f 717 718 719
f 621 709 622
f 475 607 606
f 401 606 402
f 720 721 292
f 487 722 450
f 487 723 722
f 486 723 487
f 723 486 724
f 267 266 405
f 725 726 727
f 725 728 726
f 270 728 725
f 728 270 729
f 729 270 730
f 731 404 732
f 730 404 731
f 269 730 270
f 730 269 404
f 338 340 476
f 626 338 476
f 264 314 265
f 265 314 467
f 320 311 347
f 317 733 320
f 733 317 446
f 734 320 733
f 735 320 734
f 311 735 736
f 311 737 449
f 735 311 320
f 737 311 736
f 580 738 739
f 580 740 738
f 565 741 742
f 565 742 370
f 740 370 742
f 370 740 580
f 743 580 739
f 744 580 743
f 565 745 746
f 744 565 580
f 745 565 744
f 741 565 746
f 363 370 580
f 367 336 335
f 367 747 748
f 749 335 750
f 747 335 749
f 335 747 367
f 367 748 365
f 370 750 335
f 750 370 371
f 489 751 490
f 752 383 489
f 490 544 336
f 596 753 754
f 755 706 756
f 753 706 755
f 706 753 596
f 757 596 754
f 255 758 756
f 757 255 596
f 758 255 757
f 255 756 706
f 624 436 556
f 624 556 720
f 759 760 761
f 762 562 763
f 562 764 763
f 764 562 765
f 562 762 555
f 766 555 762
f 761 555 766
f 555 761 760
f 562 767 765
f 564 767 562
f 564 768 767
f 564 769 768
f 564 759 769
f 759 564 760
f 360 567 361
f 360 250 251
f 430 560 359
f 432 560 430
f 770 720 771
f 720 772 771
f 556 772 720
f 772 556 773
f 720 770 721
f 774 556 775
f 556 774 773
f 776 721 770
f 777 721 776
f 578 775 556
f 777 578 721
f 778 578 777
f 779 578 778
f 775 578 779
f 544 546 336
f 546 562 555
f 692 385 552
f 780 385 692
f 781 385 780
f 782 385 781
f 782 544 385
f 544 782 693
f 384 552 385
f 751 385 544
f 751 544 490
f 611 486 783
f 784 491 294
f 491 784 785
f 786 491 785
f 491 786 787
f 384 788 552
f 789 416 790
f 416 789 417
f 791 417 789
f 792 417 791
f 793 417 792
f 417 793 362
f 696 698 697
f 794 586 697
f 373 586 374
f 795 583 796
f 586 699 696
f 337 500 322
f 500 596 322
f 504 797 798
f 504 799 797
f 253 799 504
f 799 253 800
f 800 253 801
f 802 253 803
f 804 253 802
f 801 253 804
f 805 504 798
f 805 254 504
f 806 254 805
f 803 254 806
f 254 803 253
f 705 504 254
f 760 564 705
f 554 497 337
f 244 807 403
f 808 244 809
f 807 244 808
f 810 403 807
f 810 597 403
f 809 597 810
f 597 809 244
f 403 597 311
f 269 405 404
f 405 626 406
f 716 364 494
f 418 300 296
f 408 410 811
f 812 408 811
f 812 475 408
f 813 475 812
f 413 813 414
f 813 413 475
f 408 456 409
f 310 783 814
f 625 492 491
f 481 815 457
f 341 542 547
f 542 816 401
f 816 817 818
f 816 819 817
f 819 606 820
f 606 819 816
f 818 401 816
f 821 401 818
f 822 401 821
f 820 401 822
f 401 820 606
f 547 823 824
f 825 543 815
f 823 543 825
f 543 823 547
f 826 547 824
f 826 815 547
f 827 815 826
f 815 827 825
f 341 547 815
f 300 424 303
f 828 481 829
f 619 829 481
f 829 619 830
f 831 619 832
f 830 619 831
f 481 828 532
f 532 828 833
f 619 834 832
f 533 834 619
f 834 533 835
f 836 532 833
f 837 532 836
f 835 532 837
f 532 835 533
f 459 838 457
f 459 839 838
f 459 840 839
f 459 841 840
f 841 621 842
f 621 841 459
f 843 457 838
f 844 457 843
f 621 844 845
f 621 845 842
f 844 621 457
f 846 847 848
f 847 846 717
f 324 326 709
f 607 475 327
f 327 605 607
f 605 327 329
f 610 334 332
f 402 606 623
f 609 332 849
f 850 606 608
f 850 623 606
f 851 623 850
f 849 623 851
f 623 849 332
f 611 783 310
f 724 486 852
f 450 853 488
f 853 450 722
f 854 488 853
f 486 854 852
f 854 486 488
f 487 855 436
f 487 856 855
f 487 434 856
f 434 487 432
f 436 855 437
f 450 432 487
f 857 858 859
f 858 860 859
f 861 862 860
f 863 861 864
f 862 861 863
f 861 860 858
f 858 857 531
f 865 531 857
f 866 531 865
f 506 866 864
f 506 864 861
f 866 506 531
f 626 867 868
f 626 869 867
f 869 405 870
f 405 869 626
f 626 868 634
f 461 870 405
f 871 461 635
f 870 461 871
f 266 461 405
f 476 532 531
f 476 481 532
f 565 337 322
f 565 322 321
f 364 580 494
f 494 580 321
f 579 650 553
f 872 563 562
f 873 578 874
f 361 874 578
f 875 361 876
f 874 361 875
f 578 873 872
f 563 873 877
f 563 877 878
f 873 563 872
f 879 563 878
f 876 563 879
f 563 876 361
f 497 706 596
f 497 705 706
f 814 625 694
f 694 625 491
f 659 562 546
f 545 659 546
f 383 385 751
f 383 751 489
f 310 814 880
f 327 308 331
f 294 881 882
f 294 883 881
f 294 884 883
f 885 293 886
f 293 884 294
f 886 887 888
f 886 888 885
f 293 885 884
f 887 886 889
f 293 295 552
f 698 417 362
f 331 623 332
f 890 623 331
f 890 325 623
f 891 325 890
f 891 326 325
f 880 326 891
f 880 709 326
f 695 709 880
f 695 622 709
f 787 622 695
f 787 892 622
f 889 892 787
f 889 848 892
f 886 848 889
f 886 846 848
f 788 846 886
f 788 718 846
f 384 718 788
f 384 795 718
f 383 795 384
f 383 583 795
f 752 583 383
f 752 581 583
f 650 581 752
f 650 699 581
f 579 699 650
f 579 893 699
f 893 579 415
f 699 893 696
f 643 366 370
f 416 894 895
f 366 894 416
f 366 896 894
f 366 897 896
f 897 366 643
f 555 760 497
f 898 760 899
f 760 900 899
f 760 901 900
f 901 705 902
f 705 901 760
f 760 898 497
f 903 497 898
f 902 497 903
f 497 902 705
f 245 246 516
f 413 309 327
f 413 409 309
f 624 904 625
f 624 905 904
f 492 905 624
f 905 492 906
f 906 492 907
f 908 625 904
f 909 625 908
f 909 492 625
f 492 909 907
f 815 543 458
f 815 458 457
f 816 475 606
f 400 474 542
f 340 910 631
f 340 911 910
f 340 912 911
f 339 912 340
f 912 339 913
f 913 339 914
f 631 910 632
f 339 915 914
f 916 339 628
f 915 339 916
f 631 341 815
f 418 357 300
f 697 917 918
f 919 920 921
f 917 921 920
f 921 917 697
f 918 919 697
f 922 919 918
f 923 919 922
f 920 919 923
f 796 373 372
f 924 717 719
f 703 925 926
f 703 927 925
f 928 927 703
f 927 928 929
f 930 926 925
f 931 926 930
f 926 931 932
f 933 929 928
f 481 457 619
f 717 846 718
f 847 892 848
f 533 620 847
f 459 324 709
f 458 324 459
f 327 309 308
f 474 475 816
f 542 474 816
f 488 486 611
f 409 488 611
f 934 935 714
f 935 934 936
f 937 714 935
f 937 938 714
f 938 937 939
f 938 940 406
f 725 940 938
f 940 725 727
f 404 940 732
f 940 404 406
f 938 506 861
f 506 938 406
f 461 339 338
f 467 339 461
f 415 579 416
f 650 752 489
f 624 720 492
f 492 720 292
f 783 486 625
f 783 625 814
f 660 872 562
f 578 660 721
f 660 578 872
f 308 310 890
f 717 533 847
f 533 717 924
f 701 794 941
f 926 700 703
f 696 893 698
f 893 415 698
f 880 694 695
f 814 694 880
f 631 815 340
f 815 942 340
f 815 943 942
f 481 943 815
f 943 481 482
f 340 942 484
f 919 944 716
f 272 945 946
f 947 272 948
f 945 272 947
f 949 946 945
f 946 949 950
f 271 948 272
f 948 271 951
f 951 271 952
f 719 796 372
f 275 953 954
f 276 953 418
f 955 276 956
f 957 276 955
f 953 276 957
f 953 275 418
f 958 275 954
f 958 276 275
f 959 276 958
f 960 276 959
f 276 960 956
f 418 296 276
f 725 938 946
f 961 354 274
f 354 961 962
f 963 273 964
f 963 274 273
f 274 963 961
f 457 621 620
f 619 457 620
f 272 965 273
f 928 703 965
f 721 295 292
f 295 721 660
f 660 966 295
f 660 967 966
f 660 968 967
f 660 969 968
f 969 660 659
f 970 295 966
f 659 970 969
f 970 659 295
f 788 293 552
f 788 886 293
f 695 491 787
f 331 308 890
f 941 794 919
f 374 586 794
f 718 795 719
f 719 795 796
f 506 476 531
f 971 372 711
f 891 310 880
f 890 310 891
f 941 972 973
f 919 972 941
f 972 919 974
f 919 975 974
f 919 976 975
f 976 919 704
f 941 973 977
f 704 978 979
f 980 704 981
f 978 704 980
f 704 979 976
f 702 701 704
f 921 362 944
f 982 364 983
f 944 984 985
f 984 944 986
f 985 716 944
f 983 716 985
f 716 983 364
f 620 622 892
f 847 620 892
f 272 928 965
f 700 702 703
f 700 987 712
f 700 988 987
f 988 700 926
f 989 714 715
f 990 714 989
f 991 714 990
f 991 926 714
f 926 991 988
f 784 294 882
f 992 787 786
f 889 992 887
f 992 889 787
f 372 374 701
f 794 697 919
f 586 993 587
f 993 586 373
f 583 994 995
f 994 583 582
f 996 583 995
f 373 997 993
f 996 373 583
f 997 373 996
f 796 583 373
f 924 971 998
f 924 531 533
f 531 924 858
f 704 493 357
f 704 919 493
f 861 858 714
f 493 919 716
f 493 999 1000
f 493 1001 999
f 716 1001 493
f 1002 716 300
f 1003 716 1002
f 1001 716 1003
f 1004 493 1000
f 1005 493 1004
f 1005 300 493
f 1006 300 1005
f 300 1006 1002
f 362 1007 944
f 362 1008 1007
f 364 1008 362
f 1008 364 982
f 944 1007 986
f 697 698 921
f 274 354 418
f 1009 357 418
f 1010 357 1009
f 357 1010 358
f 354 353 1011
f 1012 354 1011
f 418 1012 1009
f 1012 418 354
f 934 1013 936
f 934 1014 1013
f 934 1015 1014
f 1016 946 1017
f 1015 946 1016
f 946 1015 934
f 1018 938 939
f 1017 938 1018
f 938 1017 946
f 934 714 926
f 1019 941 977
f 1020 941 1019
f 941 1020 701
f 704 1020 981
f 1020 704 701
f 374 794 701
f 971 719 372
f 719 1021 924
f 719 1022 1021
f 719 1023 1022
f 719 1024 1023
f 719 1025 1024
f 1025 971 1026
f 971 1025 719
f 1027 924 1021
f 971 1027 1028
f 971 1028 1026
f 1027 971 924
f 1029 926 932
f 1030 926 1029
f 926 1030 934
f 1031 934 1030
f 928 1031 1032
f 928 1033 933
f 1031 928 934
f 1033 928 1032
f 352 704 357
f 938 861 714
f 921 698 362
f 919 921 944
f 362 643 363
f 416 895 1034
f 416 1034 790
f 897 643 1035
f 643 1036 1035
f 1036 362 793
f 362 1036 643
f 965 1037 1038
f 965 1039 1037
f 354 1039 965
f 1040 354 962
f 1039 354 1040
f 1038 273 965
f 273 1038 964
f 703 1041 1042
f 703 1043 1041
f 1043 702 1044
f 702 1043 703
f 1045 703 1042
f 1046 703 1045
f 1046 704 703
f 1044 704 1046
f 704 1044 702
f 270 725 946
f 952 271 1047
f 946 950 1048
f 270 1048 1049
f 270 1047 271
f 1048 270 946
f 1047 270 1049
f 372 1050 711
f 372 1051 1050
f 372 1052 1051
f 1052 701 1053
f 701 1052 372
f 1054 711 1050
f 1055 711 1054
f 1053 711 1055
f 711 1053 701
f 700 711 701
f 965 703 354
f 703 352 354
f 946 934 928
f 946 928 272
f 714 998 711
f 998 971 711
f 858 924 998
f 858 998 714
f 1056 1057 1058
f 608 1059 850
f 1060 608 605
f 608 1060 1059
f 1061 1062 1063
f 1062 1061 1057
f 1061 849 851
f 849 1061 1063
f 1060 1058 1064
f 1058 1060 1056
f 1059 851 850
f 851 1059 1061
f 1065 1061 1066
f 1061 1065 1057
f 329 1060 605
f 1056 329 328
f 329 1056 1060
f 1056 333 1057
f 333 1056 328
f 1067 1061 1059
f 1060 1067 1059
f 1067 1060 1064
f 1057 330 1062
f 330 1057 333
f 609 334 610
f 1063 609 849
f 609 1063 334
f 1062 334 1063
f 334 1062 330
f 1066 1061 1067
f 1058 1067 1064
f 1065 1067 1058
f 1067 1065 1066
f 1058 1057 1065
f 1068 1069 1070
f 1069 1068 1071
f 1068 996 995
f 996 1068 1072
f 997 1073 993
f 1072 997 996
f 997 1072 1073
f 1074 1073 1075
f 1075 1073 1072
f 1068 1075 1072
f 1075 1068 1070
f 1071 582 584
f 582 1071 994
f 994 1068 995
f 1068 994 1071
f 1076 584 585
f 584 1076 1071
f 1073 587 993
f 1076 587 1073
f 587 1076 585
f 1071 1076 1077
f 1077 1073 1074
f 1073 1077 1076
f 1069 1075 1070
f 1077 1075 1069
f 1075 1077 1074
f 1071 1077 1069
f 786 1078 992
f 1079 786 785
f 786 1079 1078
f 1080 884 885
f 884 1080 1081
f 1082 1080 1083
f 1080 1082 1081
f 784 1079 785
f 882 1079 784
f 1084 882 881
f 882 1084 1079
f 1080 888 1078
f 888 1080 885
f 1078 887 992
f 887 1078 888
f 1084 883 1081
f 883 1084 881
f 884 1081 883
f 1079 1085 1086
f 1085 1079 1084
f 1084 1081 1085
f 1083 1080 1078
f 1085 1081 1082
f 1085 1087 1086
f 1082 1087 1085
f 1087 1082 1083
f 1087 1083 1078
f 1079 1087 1078
f 1087 1079 1086
f 1088 845 844
f 845 1088 1089
f 1090 1091 1092
f 1088 844 843
f 1090 1092 1093
f 1094 839 840
f 839 1094 1090
f 1093 1088 1095
f 1095 843 838
f 843 1095 1088
f 1094 1091 1090
f 1096 1089 1097
f 1089 1096 1091
f 1089 841 842
f 1091 841 1089
f 841 1091 1098
f 845 1089 842
f 1098 1091 1094
f 1098 840 841
f 840 1098 1094
f 1095 1090 1093
f 839 1095 838
f 1095 839 1090
f 1099 1089 1088
f 1093 1099 1088
f 1097 1089 1099
f 1092 1099 1093
f 1096 1099 1092
f 1099 1096 1097
f 1092 1091 1096
f 1100 793 792
f 1100 1036 793
f 1036 1100 1101
f 1100 792 791
f 789 1100 791
f 1100 789 1102
f 1103 1104 1105
f 1104 1103 1106
f 1105 1100 1103
f 1103 1100 1102
f 1034 1103 1102
f 895 1103 1034
f 894 1103 895
f 1103 894 1106
f 1101 1035 1036
f 1035 1101 1107
f 1107 897 1035
f 897 1107 896
f 1102 790 1034
f 790 1102 789
f 1106 896 1107
f 896 1106 894
f 1106 1107 1104
f 1108 1101 1100
f 1109 1101 1108
f 1101 1109 1107
f 1110 1108 1100
f 1105 1110 1100
f 1104 1110 1105
f 1109 1110 1104
f 1110 1109 1108
f 1104 1107 1109
f 613 1111 616
f 1111 613 1112
f 1113 618 1114
f 1115 618 1113
f 618 1115 615
f 1116 1113 1117
f 1113 1116 1115
f 612 1112 613
f 1112 612 1118
f 1111 1113 1114
f 1111 617 616
f 617 1111 1114
f 1118 614 1115
f 614 1118 612
f 615 1115 614
f 1114 618 617
f 1112 1119 1120
f 1119 1112 1118
f 1118 1115 1119
f 1117 1113 1111
f 1119 1115 1116
f 1119 1121 1120
f 1116 1121 1119
f 1121 1116 1117
f 1121 1117 1111
f 1112 1121 1111
f 1121 1112 1120
f 1122 1123 1124
f 1123 1122 1125
f 1022 1023 1126
f 1122 1027 1021
f 1027 1122 1127
f 1028 1128 1026
f 1127 1028 1027
f 1028 1127 1128
f 1129 1128 1130
f 1128 1129 1131
f 1130 1128 1132
f 1132 1128 1127
f 1122 1132 1127
f 1132 1122 1124
f 1125 1023 1024
f 1023 1125 1126
f 1022 1122 1021
f 1126 1122 1022
f 1122 1126 1125
f 1131 1024 1025
f 1024 1131 1125
f 1131 1026 1128
f 1026 1131 1025
f 1125 1131 1129
f 1123 1132 1124
f 1129 1132 1123
f 1132 1129 1130
f 1125 1129 1123
f 1133 1134 691
f 1133 691 688
f 1134 1133 1135
f 1136 693 782
f 1137 693 1136
f 693 1137 690
f 1138 1136 1139
f 1136 1138 1137
f 1135 782 781
f 782 1135 1136
f 1135 780 1134
f 780 1135 781
f 1140 689 1137
f 689 1140 687
f 687 1133 688
f 1133 687 1140
f 690 1137 689
f 1134 692 691
f 692 1134 780
f 1133 1141 1142
f 1141 1133 1140
f 1140 1137 1141
f 1139 1136 1135
f 1141 1137 1138
f 1141 1143 1142
f 1138 1143 1141
f 1143 1138 1139
f 1143 1139 1135
f 1133 1143 1135
f 1143 1133 1142
f 1144 1145 1146
f 1145 1144 1147
f 1148 820 1149
f 820 1148 819
f 1144 821 818
f 821 1144 1150
f 822 1149 820
f 1149 822 1151
f 1150 822 821
f 822 1150 1151
f 1152 1151 1153
f 1151 1152 1154
f 1153 1151 1155
f 1155 1151 1150
f 1144 1155 1150
f 1155 1144 1146
f 1147 819 1148
f 819 1147 817
f 1147 818 817
f 818 1147 1144
f 1148 1154 1147
f 1151 1148 1149
f 1148 1151 1154
f 1147 1154 1152
f 1145 1155 1146
f 1152 1155 1145
f 1155 1152 1153
f 1147 1152 1145
f 1156 1157 1158
f 1157 1156 1159
f 1160 923 1161
f 923 1160 920
f 1162 1161 1163
f 1161 1162 1160
f 1164 1156 1158
f 1156 1164 1165
f 1159 923 922
f 923 1159 1161
f 1157 922 918
f 922 1157 1159
f 1164 1160 1165
f 920 1164 917
f 1164 920 1160
f 918 1158 1157
f 917 1158 918
f 1158 917 1164
f 1156 1166 1167
f 1166 1156 1165
f 1165 1160 1166
f 1163 1161 1159
f 1166 1160 1162
f 1166 1168 1167
f 1162 1168 1166
f 1168 1162 1163
f 1168 1163 1159
f 1156 1168 1159
f 1168 1156 1167
f 1169 1170 1171
f 1170 1169 1172
f 1173 908 1174
f 908 1173 909
f 904 1174 908
f 1169 1174 904
f 1174 1169 1175
f 1174 1176 1173
f 1175 1176 1174
f 1177 1176 1178
f 1176 1177 1179
f 1178 1176 1180
f 1180 1176 1175
f 1169 1180 1175
f 1180 1169 1171
f 905 906 1172
f 905 1169 904
f 1169 905 1172
f 1179 906 907
f 906 1179 1172
f 1176 909 1173
f 1176 907 909
f 907 1176 1179
f 1172 1179 1177
f 1170 1180 1171
f 1177 1180 1170
f 1180 1177 1178
f 1172 1177 1170
f 830 1181 829
f 1181 830 1182
f 1183 837 836
f 837 1183 1184
f 832 1185 831
f 1186 832 834
f 832 1186 1185
f 1187 835 1184
f 835 1187 834
f 834 1187 1186
f 833 1183 836
f 1183 833 828
f 1182 1188 1189
f 1181 1182 1189
f 1189 1183 1181
f 1181 828 829
f 828 1181 1183
f 837 1184 835
f 1186 1187 1182
f 1190 1184 1183
f 1189 1190 1183
f 1191 1184 1190
f 1188 1190 1189
f 1192 1190 1188
f 1190 1192 1191
f 1185 1186 1182
f 1185 830 831
f 830 1185 1182
f 1182 1192 1188
f 1192 1184 1191
f 1184 1192 1187
f 1182 1187 1192
f 1193 1194 1195
f 1194 1193 1196
f 1197 365 748
f 1198 365 1197
f 365 1198 368
f 1193 1198 1197
f 1198 1193 1199
f 1198 369 368
f 369 1198 1200
f 1199 1200 1198
f 1201 1200 1202
f 1202 1200 1199
f 1193 1202 1199
f 1202 1193 1195
f 747 749 1196
f 748 1193 1197
f 747 1193 748
f 1193 747 1196
f 1196 750 1203
f 750 1196 749
f 1200 371 369
f 1203 371 1200
f 371 1203 750
f 1196 1203 1204
f 1204 1200 1201
f 1200 1204 1203
f 1194 1202 1195
f 1204 1202 1194
f 1202 1204 1201
f 1196 1204 1194
f 811 1205 812
f 1205 811 1206
f 1207 1208 1209
f 1208 1207 1210
f 1211 1207 1212
f 1207 1211 1210
f 410 1206 811
f 1213 410 407
f 410 1213 1206
f 1205 1207 1209
f 812 1209 813
f 1209 812 1205
f 1210 407 411
f 407 1210 1213
f 1208 411 412
f 411 1208 1210
f 1209 414 813
f 1208 414 1209
f 414 1208 412
f 1206 1214 1215
f 1214 1206 1213
f 1213 1210 1214
f 1212 1207 1205
f 1214 1210 1211
f 1214 1216 1215
f 1211 1216 1214
f 1216 1211 1212
f 1216 1212 1205
f 1206 1216 1205
f 1216 1206 1215
f 1217 1054 1050
f 1217 1050 1218
f 1054 1217 1219
f 1220 1053 1221
f 1053 1220 1052
f 1222 1221 1223
f 1221 1222 1220
f 1224 1217 1218
f 1217 1224 1225
f 1219 1053 1055
f 1053 1219 1221
f 1219 1055 1054
f 1224 1220 1225
f 1052 1224 1051
f 1224 1052 1220
f 1050 1224 1218
f 1224 1050 1051
f 1217 1226 1227
f 1226 1217 1225
f 1225 1220 1226
f 1223 1221 1219
f 1226 1220 1222
f 1226 1228 1227
f 1222 1228 1226
f 1228 1222 1223
f 1228 1223 1219
f 1217 1228 1219
f 1228 1217 1227
f 1229 1230 1231
f 1230 1229 1232
f 1233 966 1234
f 970 1233 1235
f 1233 970 966
f 1229 1233 1234
f 1233 1229 1236
f 1233 1237 1235
f 1236 1237 1233
f 1238 1237 1239
f 1239 1237 1236
f 1229 1239 1236
f 1239 1229 1231
f 967 968 1232
f 966 1229 1234
f 967 1229 966
f 1229 967 1232
f 1240 968 969
f 968 1240 1232
f 1237 970 1235
f 1237 969 970
f 969 1237 1240
f 1232 1240 1241
f 1241 1237 1238
f 1237 1241 1240
f 1230 1239 1231
f 1241 1239 1230
f 1239 1241 1238
f 1232 1241 1230
f 1242 1243 1244
f 1243 1242 1245
f 1246 823 825
f 1246 825 1247
f 823 1246 1248
f 1242 826 824
f 826 1242 1249
f 827 1247 825
f 1247 827 1250
f 1250 826 1249
f 826 1250 827
f 1251 1250 1252
f 1252 1250 1249
f 1242 1252 1249
f 1252 1242 1244
f 1248 1246 1245
f 1248 824 823
f 1245 824 1248
f 824 1245 1242
f 1246 1253 1245
f 1250 1246 1247
f 1246 1250 1253
f 1245 1253 1254
f 1254 1250 1251
f 1250 1254 1253
f 1243 1252 1244
f 1254 1252 1243
f 1252 1254 1251
f 1245 1254 1243
f 1255 985 984
f 985 1255 1256
f 1257 986 1007
f 1257 984 986
f 984 1257 1255
f 1255 1257 1258
f 1259 1260 1261
f 1258 1262 1259
f 1263 1255 1264
f 1264 1255 1258
f 1262 1260 1259
f 1259 1261 1263
f 1260 985 1256
f 985 1260 983
f 982 1262 1008
f 983 1262 982
f 1262 983 1260
f 1007 1258 1257
f 1008 1258 1007
f 1258 1008 1262
f 1264 1259 1263
f 1258 1259 1264
f 1265 1256 1255
f 1266 1256 1265
f 1256 1266 1260
f 1267 1265 1255
f 1263 1267 1255
f 1261 1267 1263
f 1266 1267 1261
f 1267 1266 1265
f 1261 1260 1266
f 1268 1269 1270
f 1269 1268 1271
f 1272 854 1273
f 854 1272 852
f 852 1272 1274
f 853 1273 854
f 1273 853 1275
f 1275 853 1268
f 1273 1276 1272
f 1275 1276 1273
f 1277 1276 1278
f 1276 1277 1279
f 1278 1276 1280
f 1280 1276 1275
f 1268 1280 1275
f 1280 1268 1270
f 1274 724 852
f 1271 724 1274
f 724 1271 723
f 722 1268 853
f 1271 722 723
f 722 1271 1268
f 1274 1279 1271
f 1276 1274 1272
f 1274 1276 1279
f 1271 1279 1277
f 1269 1280 1270
f 1277 1280 1269
f 1280 1277 1278
f 1271 1277 1269
f 1281 1282 1283
f 857 1284 1285
f 859 1284 857
f 1284 859 1286
f 1281 866 865
f 1285 865 857
f 865 1285 1281
f 862 1287 860
f 1288 1282 1281
f 1284 1286 1288
f 1289 1287 1290
f 863 1287 862
f 1291 1287 1289
f 1287 1291 1292
f 1290 863 864
f 863 1290 1287
f 866 1290 864
f 1290 866 1281
f 1283 1290 1281
f 1281 1284 1288
f 1285 1284 1281
f 1286 1292 1288
f 1292 860 1287
f 1286 860 1292
f 860 1286 859
f 1288 1292 1291
f 1282 1290 1283
f 1291 1290 1282
f 1290 1291 1289
f 1288 1291 1282
f 1293 1294 1295
f 1296 652 1297
f 658 1296 1298
f 1296 658 652
f 1299 1296 1293
f 1293 1296 1297
f 1296 1300 1298
f 1301 1294 1293
f 653 654 1301
f 1302 1300 1303
f 1299 1300 1296
f 657 1302 1304
f 1302 657 1300
f 657 1304 656
f 1303 1300 1299
f 1293 1303 1299
f 1295 1303 1293
f 653 1293 651
f 1293 653 1301
f 651 1297 652
f 1297 651 1293
f 654 655 1301
f 1300 658 1298
f 658 1300 657
f 1304 655 656
f 655 1304 1301
f 1294 1303 1295
f 1304 1303 1294
f 1303 1304 1302
f 1301 1304 1294
f 1305 1306 1307
f 1308 1306 1305
f 1306 1308 1309
f 1310 535 536
f 1311 1312 1313
f 1312 1311 1314
f 538 1313 539
f 1313 538 1311
f 1308 1311 1309
f 1311 1308 1314
f 1311 535 1310
f 535 1311 538
f 1314 534 541
f 534 1314 1315
f 454 1315 453
f 1315 454 534
f 1306 1311 1310
f 1309 1311 1306
f 536 1306 1310
f 1306 536 537
f 1307 537 452
f 1307 452 451
f 537 1307 1306
f 1312 541 540
f 541 1312 1314
f 1312 539 1313
f 539 1312 540
f 1305 451 453
f 451 1305 1307
f 1305 453 1315
f 1315 1314 1305
f 1305 1314 1308
f 1316 1317 1318
f 972 1319 973
f 1319 972 1320
f 1316 1020 1019
f 1020 1316 1321
f 973 1019 977
f 1319 1019 973
f 1019 1319 1316
f 1322 1317 1316
f 974 1320 972
f 1320 974 1322
f 1323 978 1324
f 978 1323 979
f 1321 981 1020
f 981 1321 980
f 1323 976 979
f 1325 976 1323
f 976 1325 1326
f 1324 980 1321
f 980 1324 978
f 1316 1324 1321
f 1318 1324 1316
f 1316 1320 1322
f 1319 1320 1316
f 1322 975 1326
f 975 1322 974
f 976 1326 975
f 1322 1326 1325
f 1317 1324 1318
f 1325 1324 1317
f 1324 1325 1323
f 1322 1325 1317
f 772 1327 771
f 1328 1327 772
f 1327 1328 1329
f 777 1330 1331
f 1330 777 776
f 777 1331 1332
f 1333 1331 1334
f 1331 1333 1332
f 773 1328 772
f 1328 773 774
f 1329 1331 1330
f 1329 1330 1327
f 778 1332 779
f 777 1332 778
f 1327 770 771
f 1330 770 1327
f 770 1330 776
f 1328 1335 1336
f 774 1335 1328
f 1335 774 775
f 1335 779 1332
f 779 1335 775
f 1334 1331 1329
f 1335 1332 1333
f 1335 1337 1336
f 1333 1337 1335
f 1337 1333 1334
f 1337 1334 1329
f 1328 1337 1329
f 1337 1328 1336
f 1338 484 942
f 484 1338 483
f 1339 1340 1341
f 1340 1339 1342
f 1343 1339 1344
f 1339 1343 1342
f 1345 942 943
f 942 1345 1338
f 1338 1345 1346
f 1339 477 480
f 477 1339 1341
f 477 1341 478
f 1345 1342 1346
f 1340 1342 1345
f 482 1345 943
f 1340 482 478
f 1340 478 1341
f 482 1340 1345
f 1338 1347 1348
f 1347 1338 1346
f 1346 1342 1347
f 1344 480 479
f 480 1344 1339
f 1347 1342 1343
f 1347 1349 1348
f 1343 1349 1347
f 1349 1343 1344
f 1349 479 485
f 479 1349 1344
f 483 1349 485
f 1338 1349 483
f 1349 1338 1348
f 1350 739 738
f 739 1350 1351
f 1352 738 740
f 738 1352 1350
f 1350 1352 1353
f 1354 746 745
f 746 1354 1355
f 1353 1356 1355
f 1357 1350 1358
f 1358 1350 1353
f 1355 741 746
f 741 1355 1356
f 1355 1354 1357
f 1351 743 739
f 742 741 1356
f 740 1353 1352
f 1353 742 1356
f 1353 740 742
f 1358 1355 1357
f 1353 1355 1358
f 1359 1351 1350
f 1359 743 1351
f 1360 743 1359
f 743 1360 744
f 1361 1359 1350
f 1357 1361 1350
f 1354 1361 1357
f 1360 1361 1354
f 1361 1360 1359
f 1360 745 744
f 745 1360 1354
f 1362 1363 1364
f 1363 1362 1365
f 527 1366 530
f 1366 527 1367
f 1367 527 1368
f 1369 1370 1371
f 1370 1369 1364
f 1366 1369 1371
f 1363 1365 1368
f 1362 1369 1372
f 1369 1362 1364
f 1368 1365 1373
f 1367 1369 1366
f 1363 526 528
f 526 1363 1368
f 527 526 1368
f 1374 1369 1367
f 1368 1374 1367
f 1374 1368 1373
f 1370 528 529
f 1364 528 1370
f 528 1364 1363
f 1371 530 1366
f 530 1371 529
f 529 1371 1370
f 1372 1369 1374
f 1365 1374 1373
f 1362 1374 1365
f 1374 1362 1372
f 1375 989 715
f 1375 715 713
f 1375 713 1376
f 989 1375 1377
f 1378 712 987
f 1379 712 1378
f 712 1379 710
f 1380 987 988
f 1381 987 1380
f 987 1381 1378
f 1377 991 990
f 1377 990 989
f 1382 1378 1383
f 1382 1375 1376
f 1375 1382 1383
f 1379 1378 1382
f 713 1382 1376
f 710 1382 713
f 1382 710 1379
f 1375 1384 1385
f 1384 1375 1383
f 1383 1378 1384
f 1380 991 1377
f 991 1380 988
f 1384 1378 1381
f 1384 1386 1385
f 1381 1386 1384
f 1386 1381 1380
f 1386 1380 1377
f 1375 1386 1377
f 1386 1375 1385
f 1387 1388 1389
f 762 1390 1391
f 762 1391 1392
f 1390 762 763
f 1393 1391 1387
f 1387 1391 1390
f 1391 1394 1392
f 1395 1388 1387
f 767 768 1395
f 1396 1394 1397
f 1393 1394 1391
f 1397 1394 1393
f 1387 1397 1393
f 1389 1397 1387
f 765 1387 764
f 767 1387 765
f 1387 767 1395
f 764 1390 763
f 1390 764 1387
f 768 769 1395
f 1394 762 1392
f 762 1394 766
f 1398 769 759
f 1398 759 761
f 769 1398 1395
f 766 1396 1398
f 1396 766 1394
f 766 1398 761
f 1388 1397 1389
f 1398 1397 1388
f 1397 1398 1396
f 1395 1398 1388
f 348 1399 346
f 343 1400 350
f 1401 349 351
f 1401 351 1402
f 349 1401 1403
f 1400 1401 1402
f 1401 1400 1404
f 1399 1405 1406
f 346 1406 345
f 1406 346 1399
f 1406 344 345
f 350 1402 351
f 1402 350 1400
f 1401 1404 1399
f 1407 343 342
f 343 1407 1400
f 344 1407 342
f 1407 344 1406
f 1408 1400 1407
f 1405 1407 1406
f 1409 1407 1405
f 1407 1409 1408
f 1403 1401 1399
f 1403 348 349
f 348 1403 1399
f 1399 1409 1405
f 1409 1400 1408
f 1400 1409 1404
f 1399 1404 1409
f 1410 1411 1412
f 1411 1410 1413
f 1414 1415 1416
f 1415 1414 1417
f 1006 1412 1002
f 1415 999 1001
f 1411 1413 1414
f 1418 1006 1005
f 1410 1006 1418
f 1006 1410 1412
f 1414 1413 1419
f 1417 999 1415
f 999 1417 1000
f 1414 1420 1411
f 1416 1420 1414
f 1421 1000 1417
f 1000 1421 1004
f 1414 1421 1417
f 1421 1414 1419
f 1002 1420 1003
f 1411 1002 1412
f 1002 1411 1420
f 1001 1416 1415
f 1416 1001 1420
f 1420 1001 1003
f 1418 1004 1421
f 1004 1418 1005
f 1413 1421 1419
f 1410 1421 1413
f 1421 1410 1418
f 1422 433 429
f 1423 1424 1425
f 1425 437 855
f 1426 437 1425
f 437 1426 435
f 435 1426 1427
f 1424 1427 1426
f 1427 1424 1428
f 856 1425 855
f 1425 856 1423
f 431 1429 1430
f 1429 431 441
f 429 1430 1422
f 1430 429 431
f 1430 1423 1422
f 434 1423 856
f 433 1423 434
f 1423 433 1422
f 1425 1424 1426
f 1428 438 1427
f 438 1428 439
f 1431 1424 1423
f 1430 1431 1423
f 1432 1424 1431
f 1429 1431 1430
f 1433 1431 1429
f 1431 1433 1432
f 435 1427 438
f 1429 440 1433
f 440 1429 441
f 1433 1424 1432
f 1424 1433 1428
f 1433 439 1428
f 439 1433 440
f 1434 1435 1436
f 1435 1434 1437
f 505 1438 1439
f 507 1438 505
f 1438 507 1440
f 1434 505 1439
f 505 1434 512
f 509 1441 508
f 510 1441 509
f 1442 1441 1443
f 1441 1442 1444
f 1443 1441 1445
f 1445 510 511
f 510 1445 1441
f 512 1445 511
f 1434 1445 512
f 1445 1434 1436
f 1438 1440 1437
f 1438 1434 1439
f 1434 1438 1437
f 1440 1444 1437
f 1444 508 1441
f 1440 508 1444
f 508 1440 507
f 1437 1444 1442
f 1435 1445 1436
f 1442 1445 1435
f 1445 1442 1443
f 1437 1442 1435
f 1446 1447 1448
f 1447 1446 1449
f 1450 496 1451
f 496 1450 501
f 1452 501 1450
f 1453 501 1452
f 501 1453 502
f 1449 1450 1451
f 1449 1451 1447
f 498 499 1454
f 498 1448 495
f 1448 498 1446
f 1446 498 1454
f 496 1448 1447
f 496 1447 1451
f 1448 496 495
f 1446 1455 1456
f 1455 1446 1454
f 1455 499 503
f 499 1455 1454
f 1452 1450 1449
f 1453 503 502
f 503 1453 1455
f 1455 1457 1456
f 1453 1457 1455
f 1457 1453 1452
f 1457 1452 1449
f 1446 1457 1449
f 1457 1446 1456
f 394 1458 393
f 1458 394 1459
f 1460 1461 1462
f 1461 1460 1463
f 1464 1460 1465
f 1460 1464 1463
f 396 397 1466
f 1459 1460 1462
f 1459 1462 1458
f 1463 397 399
f 397 1463 1466
f 1461 399 398
f 399 1461 1463
f 1462 393 1458
f 393 1462 398
f 398 1462 1461
f 395 1467 1468
f 396 1467 395
f 1467 396 1466
f 1466 1463 1467
f 1465 1460 1459
f 1467 1463 1464
f 1467 1469 1468
f 1464 1469 1467
f 1469 1464 1465
f 1469 1465 1459
f 394 1469 1459
f 395 1469 394
f 1469 395 1468
f 1470 1471 1472
f 1471 1470 1473
f 1046 1474 1044
f 1474 1046 1475
f 1476 1046 1045
f 1477 1046 1476
f 1046 1477 1475
f 1478 1470 1472
f 1470 1478 1479
f 1473 1042 1041
f 1471 1041 1043
f 1041 1471 1473
f 1478 1475 1479
f 1474 1475 1478
f 1043 1472 1471
f 1044 1472 1043
f 1472 1044 1478
f 1478 1044 1474
f 1470 1480 1481
f 1480 1470 1479
f 1479 1475 1480
f 1476 1042 1473
f 1042 1476 1045
f 1480 1475 1477
f 1480 1482 1481
f 1477 1482 1480
f 1482 1477 1476
f 1482 1476 1473
f 1470 1482 1473
f 1482 1470 1481
f 1483 1484 1485
f 876 1483 875
f 1483 876 1484
f 1486 874 1487
f 873 1486 1488
f 1486 873 874
f 1483 1486 1487
f 1486 1483 1489
f 1486 1490 1488
f 1489 1490 1486
f 1491 1490 1492
f 1490 1491 1493
f 1492 1490 1494
f 1494 1490 1489
f 1483 1494 1489
f 1494 1483 1485
f 874 1483 1487
f 1483 874 875
f 877 1493 878
f 877 1488 1490
f 1488 877 873
f 877 1490 1493
f 1491 878 1493
f 878 1491 879
f 1484 1494 1485
f 1491 1494 1484
f 1494 1491 1492
f 1484 879 1491
f 879 1484 876
f 1495 911 912
f 911 1495 1496
f 911 1496 910
f 1497 1498 1499
f 1500 630 629
f 630 1500 1497
f 1501 916 1502
f 916 1501 915
f 1502 628 627
f 628 1502 916
f 1500 1498 1497
f 1497 1499 1501
f 1495 1503 1496
f 1503 1495 1498
f 1503 1498 1500
f 632 1500 629
f 1496 632 910
f 632 1496 1503
f 632 1503 1500
f 1502 1497 1501
f 1497 627 630
f 627 1497 1502
f 1504 912 913
f 912 1504 1495
f 1505 1495 1504
f 1495 1505 1498
f 1506 913 914
f 913 1506 1504
f 915 1506 914
f 1506 915 1501
f 1499 1506 1501
f 1505 1506 1499
f 1506 1505 1504
f 1499 1498 1505
f 1507 1508 1509
f 1508 1507 1510
f 1511 594 590
f 1512 594 1511
f 423 1512 1513
f 1512 423 594
f 423 1513 425
f 1510 590 589
f 590 1510 1511
f 1508 589 588
f 589 1508 1510
f 1514 592 593
f 592 1514 1515
f 1515 1507 1509
f 1507 1515 1514
f 591 592 1515
f 588 1509 1508
f 1509 591 1515
f 1509 588 591
f 1507 1516 1517
f 1516 1507 1514
f 1516 593 595
f 593 1516 1514
f 1512 1511 1510
f 425 595 426
f 1513 595 425
f 595 1513 1516
f 1516 1518 1517
f 1513 1518 1516
f 1518 1513 1512
f 1518 1512 1510
f 1507 1518 1510
f 1518 1507 1517
f 1519 1520 1521
f 671 1520 1519
f 1520 671 669
f 1522 676 1523
f 1524 676 1522
f 1525 676 1524
f 676 1525 677
f 1519 1522 1523
f 1522 1519 1526
f 1522 1527 1524
f 1526 1527 1522
f 1528 1527 1529
f 1527 1528 1530
f 1529 1527 1531
f 1531 1527 1526
f 1519 1531 1526
f 1531 1519 1521
f 1525 675 677
f 1525 672 675
f 672 1525 673
f 676 1519 1523
f 675 1519 676
f 1519 675 671
f 671 675 672
f 1530 673 1525
f 673 1530 674
f 1527 1525 1524
f 1525 1527 1530
f 1528 674 1530
f 674 1528 670
f 1520 1531 1521
f 1528 1531 1520
f 1531 1528 1529
f 1528 669 670
f 669 1528 1520
f 1532 1533 1534
f 1533 1532 1535
f 937 1536 1537
f 935 1536 937
f 1538 935 1539
f 935 1538 1536
f 1537 939 937
f 939 1537 1532
f 939 1532 1018
f 936 1539 935
f 1539 936 1013
f 1540 1016 1541
f 1016 1540 1015
f 1541 1016 1017
f 1532 1017 1018
f 1017 1532 1541
f 1541 1532 1534
f 1536 1538 1535
f 1536 1532 1537
f 1532 1536 1535
f 1538 1542 1535
f 1542 1013 1014
f 1013 1538 1539
f 1013 1542 1538
f 1535 1542 1543
f 1543 1015 1540
f 1015 1543 1014
f 1014 1543 1542
f 1533 1541 1534
f 1543 1541 1533
f 1541 1543 1540
f 1535 1543 1533
f 1544 1545 1546
f 1545 1544 1547
f 899 1548 1549
f 1548 899 1550
f 1551 899 1549
f 899 1551 898
f 1544 1549 1548
f 1549 1544 1552
f 1549 1553 1551
f 1552 1553 1549
f 1554 903 1553
f 902 1554 1555
f 1554 902 903
f 1554 1553 1556
f 1556 1553 1552
f 1544 1556 1552
f 1556 1544 1546
f 900 1550 899
f 1550 900 1547
f 1550 1544 1548
f 1544 1550 1547
f 1547 900 901
f 903 1551 1553
f 1551 903 898
f 1555 901 902
f 901 1555 1547
f 1545 1556 1546
f 1555 1556 1545
f 1556 1555 1554
f 1547 1555 1545
f 1557 1558 1559
f 1557 1559 1560
f 1560 734 1557
f 734 1560 735
f 1561 1562 1563
f 1564 737 736
f 737 1564 1561
f 446 1557 733
f 1565 446 447
f 446 1565 1557
f 733 1557 734
f 1564 1562 1561
f 1561 1563 1565
f 1558 1566 1559
f 1566 1558 1562
f 1566 1562 1564
f 1559 735 1560
f 735 1559 736
f 1566 736 1559
f 736 1566 1564
f 1561 447 448
f 447 1561 1565
f 1561 449 737
f 449 1561 448
f 1567 1558 1557
f 1568 1558 1567
f 1558 1568 1562
f 1569 1567 1557
f 1565 1569 1557
f 1563 1569 1565
f 1568 1569 1563
f 1569 1568 1567
f 1563 1562 1568
f 1570 1571 1572
f 356 1573 1574
f 358 1573 356
f 1573 358 1570
f 1571 358 1010
f 358 1571 1570
f 1575 1574 1573
f 1574 1575 1576
f 1009 1571 1010
f 1571 1009 1577
f 1576 353 355
f 353 1576 1011
f 1574 355 356
f 355 1574 1576
f 1578 1012 1579
f 1012 1578 1009
f 1009 1578 1577
f 1579 1011 1576
f 1011 1579 1012
f 1571 1577 1572
f 1570 1575 1573
f 1575 1570 1572
f 1580 1579 1576
f 1575 1580 1576
f 1580 1575 1581
f 1572 1577 1578
f 1575 1582 1581
f 1582 1575 1572
f 1572 1578 1582
f 1582 1580 1581
f 1578 1580 1582
f 1580 1578 1579
f 678 1583 1584
f 1583 678 681
f 1585 1586 1587
f 1587 679 1584
f 1587 682 679
f 1588 682 1587
f 682 1588 1589
f 1586 1589 1588
f 1589 1586 1590
f 1585 1587 1584
f 680 1591 1592
f 1591 680 686
f 681 1592 1583
f 1592 681 680
f 1592 1585 1583
f 1583 1585 1584
f 1587 1586 1588
f 1590 683 1589
f 683 1590 684
f 1593 1586 1585
f 1592 1593 1585
f 1594 1586 1593
f 1591 1593 1592
f 1595 1593 1591
f 1593 1595 1594
f 682 1589 683
f 1584 679 678
f 1591 685 1595
f 685 1591 686
f 1595 1586 1594
f 1586 1595 1590
f 1595 684 1590
f 684 1595 685
f 1596 1597 1598
f 1597 1596 1599
f 634 1600 633
f 634 1601 1600
f 1602 634 868
f 1602 868 1603
f 634 1602 1601
f 1600 635 633
f 635 1600 1596
f 635 1596 871
f 867 1603 868
f 1603 867 1604
f 869 1604 867
f 1605 1604 1606
f 1604 1605 1607
f 1606 1604 1608
f 1608 869 870
f 869 1608 1604
f 1598 870 871
f 1598 871 1596
f 870 1598 1608
f 1601 1602 1599
f 1601 1596 1600
f 1596 1601 1599
f 1602 1607 1599
f 1604 1602 1603
f 1602 1604 1607
f 1599 1607 1605
f 1597 1608 1598
f 1605 1608 1597
f 1608 1605 1606
f 1599 1605 1597
f 1609 1610 1611
f 1610 1609 1612
f 644 1613 1614
f 1613 646 1615
f 644 1614 1616
f 1613 644 646
f 1609 1614 1613
f 1614 1609 1617
f 1614 1618 1616
f 1617 1618 1614
f 1619 645 1618
f 649 1619 1620
f 1619 649 645
f 1619 1618 1621
f 1621 1618 1617
f 1609 1621 1617
f 1621 1609 1611
f 647 1615 646
f 1615 647 1612
f 1615 1609 1613
f 1609 1615 1612
f 647 648 1612
f 645 1616 1618
f 1616 645 644
f 1620 648 649
f 648 1620 1612
f 1610 1621 1611
f 1620 1621 1610
f 1621 1620 1619
f 1612 1620 1610
f 1622 1623 1624
f 1625 522 1624
f 1626 522 1625
f 522 1626 523
f 1623 1626 1625
f 1626 1623 1627
f 1624 521 1622
f 521 1624 522
f 517 1628 1629
f 1628 517 520
f 514 517 1629
f 514 1622 515
f 1622 514 1629
f 515 1622 521
f 1624 1623 1625
f 1627 524 1626
f 524 1627 519
f 1630 1623 1622
f 1629 1630 1622
f 1631 1623 1630
f 1628 1630 1629
f 1632 1630 1628
f 1630 1632 1631
f 523 1626 524
f 1632 520 518
f 520 1632 1628
f 1632 1623 1631
f 1623 1632 1627
f 1627 518 519
f 518 1627 1632
f 1633 1634 1635
f 1634 1636 1635
f 1637 1636 1634
f 1636 1637 1638
f 930 1639 1640
f 1639 930 1641
f 1642 930 925
f 930 1642 1641
f 1633 1030 1640
f 1030 1633 1031
f 1633 1640 1639
f 927 1642 925
f 1642 927 1643
f 1637 929 1638
f 929 1637 927
f 927 1637 1643
f 1642 1643 1641
f 932 931 1029
f 1640 931 930
f 1640 1029 931
f 1029 1640 1030
f 1644 1634 1633
f 1636 1033 1032
f 1033 1636 1638
f 1638 933 1033
f 933 1638 929
f 1644 1643 1634
f 1641 1643 1644
f 1633 1032 1031
f 1032 1633 1636
f 1635 1636 1633
f 1633 1641 1644
f 1639 1641 1633
f 1634 1643 1637
f 1645 1646 1647
f 1646 1648 1647
f 1649 1648 1646
f 1648 1649 1650
f 1651 661 1652
f 1653 661 1651
f 661 1653 665
f 1654 1651 1645
f 1645 1651 1652
f 667 1653 1655
f 1653 667 665
f 668 1650 1649
f 667 1650 668
f 1650 667 1655
f 1654 1655 1653
f 1654 1653 1651
f 664 1645 663
f 1645 664 1646
f 1648 1650 1654
f 1650 1655 1654
f 664 666 1646
f 1645 1648 1654
f 1647 1648 1645
f 1645 662 663
f 662 1652 661
f 1652 662 1645
f 1649 666 668
f 666 1649 1646
f 1656 640 636
f 640 1656 1657
f 641 1657 1658
f 1657 641 640
f 1658 642 641
f 642 1658 1659
f 1660 1661 1662
f 1659 1663 1660
f 1664 551 316
f 1664 316 315
f 551 1664 639
f 549 642 1659
f 642 549 550
f 1663 1661 1660
f 1660 1662 1664
f 1656 1665 1657
f 1665 1656 1661
f 1665 1661 1663
f 1658 1663 1659
f 1657 1663 1658
f 1663 1657 1665
f 1660 315 318
f 315 1660 1664
f 1660 549 1659
f 549 1660 319
f 319 1660 318
f 1666 636 637
f 636 1666 1656
f 1667 1656 1666
f 1656 1667 1661
f 1666 638 1668
f 638 1666 637
f 639 1668 638
f 1668 639 1664
f 1662 1668 1664
f 1667 1668 1662
f 1668 1667 1666
f 1662 1661 1667
f 1669 1670 1671
f 1670 1669 1672
f 299 1673 1674
f 1673 299 1675
f 301 1675 299
f 1675 301 1676
f 1669 1674 1673
f 1674 1669 1677
f 1674 297 299
f 1677 297 1674
f 297 1677 298
f 1678 306 1679
f 306 1678 307
f 1679 305 1680
f 305 1679 306
f 1677 305 298
f 305 1677 1680
f 1669 1680 1677
f 1680 1669 1671
f 1675 1676 1672
f 1675 1669 1673
f 1669 1675 1672
f 1672 302 304
f 302 1672 1676
f 301 302 1676
f 307 1672 304
f 1672 307 1678
f 1670 1680 1671
f 1678 1680 1670
f 1680 1678 1679
f 1672 1678 1670
f 1681 1682 1683
f 1681 1683 1684
f 1681 1684 1685
f 1686 570 571
f 570 1686 1687
f 557 1685 1688
f 1685 557 558
f 1689 1681 1690
f 1690 1681 1685
f 1686 557 1688
f 557 1686 561
f 561 1686 571
f 569 1687 1689
f 1687 569 570
f 1682 1691 1683
f 1691 1682 1686
f 1691 1686 1688
f 1684 1688 1685
f 1683 1688 1684
f 1688 1683 1691
f 568 1689 1690
f 1689 568 569
f 558 1690 1685
f 559 1690 558
f 1690 559 568
f 1692 1682 1681
f 1693 1682 1692
f 1682 1693 1686
f 1694 1692 1681
f 1689 1694 1681
f 1687 1694 1689
f 1693 1694 1687
f 1694 1693 1692
f 1687 1686 1693
f 1695 732 940
f 1695 940 1696
f 732 1695 1697
f 732 1697 731
f 1698 1699 1700
f 1699 1698 1701
f 1702 1698 1703
f 1698 1702 1701
f 1704 1697 1695
f 1697 1704 1705
f 728 1700 726
f 1700 728 1698
f 727 1696 940
f 1696 727 1700
f 1700 727 726
f 1704 1701 1705
f 1699 1701 1704
f 1696 1704 1695
f 1700 1704 1696
f 1704 1700 1699
f 1697 1706 1707
f 1706 1697 1705
f 1705 1701 1706
f 1703 728 729
f 728 1703 1698
f 1706 1701 1702
f 1706 1708 1707
f 1702 1708 1706
f 1708 1702 1703
f 1708 729 730
f 729 1708 1703
f 1697 730 731
f 1707 730 1697
f 730 1707 1708
f 1709 1710 1711
f 1709 1711 1712
f 1709 1712 1713
f 1714 756 758
f 756 1714 1715
f 1713 1716 1715
f 1717 1709 1718
f 1718 1709 1713
f 1715 755 756
f 755 1715 1716
f 1715 1714 1717
f 754 1711 1710
f 753 1711 754
f 1711 753 1719
f 755 1719 753
f 1719 755 1716
f 1712 1716 1713
f 1711 1716 1712
f 1716 1711 1719
f 1718 1715 1717
f 1713 1715 1718
f 1720 1710 1709
f 1720 754 1710
f 757 1720 1721
f 1720 757 754
f 1722 1720 1709
f 1717 1722 1709
f 1714 1722 1717
f 1721 1722 1714
f 1722 1721 1720
f 1721 758 757
f 758 1721 1714
f 1723 1724 1725
f 1723 1725 1726
f 1723 1726 1727
f 808 1728 1729
f 809 1728 808
f 1728 809 1730
f 1729 807 808
f 807 1729 1723
f 810 1723 1727
f 1723 810 807
f 1731 810 1727
f 1731 809 810
f 809 1731 1730
f 1724 1732 1725
f 1732 1724 1733
f 1732 1733 1731
f 1726 1731 1727
f 1725 1731 1726
f 1731 1725 1732
f 1731 1733 1730
f 1730 1733 1728
f 1734 1724 1723
f 1735 1724 1734
f 1724 1735 1733
f 1736 1734 1723
f 1729 1736 1723
f 1728 1736 1729
f 1735 1736 1728
f 1736 1735 1734
f 1728 1733 1735
f 1038 1037 1737
f 1738 1037 1039
f 1037 1738 1737
f 1737 1738 1739
f 1740 1741 1742
f 1741 1740 1743
f 1742 1737 1740
f 1740 1737 1739
f 1744 1740 1739
f 1740 1744 1743
f 1745 962 961
f 962 1746 1040
f 962 1745 1746
f 1746 1745 1744
f 1039 1739 1738
f 1739 1039 1744
f 1746 1039 1040
f 1039 1746 1744
f 1744 1745 1743
f 1743 1745 1741
f 1737 964 1038
f 1747 964 1737
f 964 1747 963
f 1748 963 1747
f 963 1748 961
f 961 1748 1745
f 1749 1747 1737
f 1742 1749 1737
f 1741 1749 1742
f 1748 1749 1741
f 1749 1748 1747
f 1741 1745 1748
f 1750 1751 1752
f 1751 1750 1753
f 1754 1755 1756
f 1755 1754 1757
f 1758 1754 1759
f 1754 1758 1757
f 1752 573 1750
f 573 1752 572
f 1753 1754 1756
f 1753 1756 1751
f 576 1757 577
f 1755 576 575
f 576 1755 1757
f 575 1752 1751
f 1752 575 572
f 1756 575 1751
f 575 1756 1755
f 574 1750 573
f 1750 574 1760
f 1760 574 1761
f 1761 577 1757
f 577 1761 574
f 1759 1754 1753
f 1761 1757 1758
f 1761 1762 1760
f 1758 1762 1761
f 1762 1758 1759
f 1762 1759 1753
f 1750 1762 1753
f 1762 1750 1760
f 1763 463 464
f 463 1763 1764
f 463 1764 462
f 468 460 1765
f 1766 1767 1768
f 1765 1769 1766
f 1770 472 471
f 469 468 1765
f 1769 1767 1766
f 1766 1768 1770
f 1763 1771 1764
f 1771 1763 1767
f 1771 1767 1769
f 460 1769 1765
f 1764 460 462
f 460 1764 1771
f 460 1771 1769
f 1766 471 470
f 471 1766 1770
f 1766 469 1765
f 469 1766 470
f 1772 464 465
f 464 1772 1763
f 1773 1763 1772
f 1763 1773 1767
f 1772 466 1774
f 466 1772 465
f 472 1774 466
f 1774 472 1770
f 1768 1774 1770
f 1773 1774 1768
f 1774 1773 1772
f 1768 1767 1773
f 1775 1776 1777
f 1776 1775 1778
f 377 1779 420
f 376 1779 377
f 1779 376 1780
f 1781 381 421
f 380 1781 1782
f 1781 380 381
f 1783 1775 1777
f 1775 1783 1784
f 1778 420 1779
f 420 1778 419
f 1778 1779 1776
f 1784 378 379
f 378 1784 1783
f 376 1783 1780
f 1783 376 378
f 1776 1783 1777
f 1779 1783 1776
f 1783 1779 1780
f 1775 1785 1786
f 1785 1775 1784
f 382 1784 379
f 1784 382 1785
f 1778 421 419
f 421 1778 1781
f 1782 382 380
f 382 1782 1785
f 1785 1787 1786
f 1782 1787 1785
f 1787 1782 1781
f 1787 1781 1778
f 1775 1787 1778
f 1787 1775 1786
f 1788 599 1789
f 599 1788 602
f 1790 1791 1792
f 1791 1790 1793
f 1794 1790 1795
f 1790 1794 1793
f 707 1796 708
f 1789 1790 1792
f 1789 1792 1788
f 1793 708 1796
f 708 1793 604
f 604 1793 601
f 1791 1793 1796
f 1788 603 602
f 1792 603 1788
f 603 1792 707
f 1791 707 1792
f 707 1791 1796
f 598 1797 1798
f 1797 598 600
f 1793 600 601
f 600 1793 1797
f 1795 1790 1789
f 1797 1793 1794
f 1797 1799 1798
f 1794 1799 1797
f 1799 1794 1795
f 1799 1795 1789
f 599 1799 1789
f 598 1799 599
f 1799 598 1798
f 1800 1801 1802
f 1803 1048 1804
f 1048 1803 1800
f 1048 1800 1049
f 1805 945 947
f 945 1806 1807
f 945 1805 1806
f 949 1807 1804
f 1807 949 945
f 1808 1801 1800
f 950 1804 1048
f 1804 950 949
f 1800 1809 1808
f 1803 1809 1800
f 1808 1805 1801
f 1810 951 1811
f 951 1810 948
f 1811 952 1047
f 952 1811 951
f 1800 1047 1049
f 1047 1800 1811
f 1811 1800 1802
f 1809 1805 1808
f 1801 1805 1812
f 1806 1805 1809
f 1804 1809 1803
f 1807 1809 1804
f 1809 1807 1806
f 1812 948 1810
f 948 1812 947
f 947 1812 1805
f 1801 1811 1802
f 1812 1811 1801
f 1811 1812 1810
f 799 1813 1814
f 1813 799 800
f 1815 1816 1817
f 1817 1818 1814
f 1817 798 1818
f 1819 798 1817
f 798 1819 805
f 806 1819 1816
f 1819 806 805
f 1815 1817 1814
f 1820 804 1821
f 804 1820 801
f 1813 801 1820
f 801 1813 800
f 1820 1815 1813
f 1813 1815 1814
f 1817 1816 1819
f 1822 1816 1815
f 1820 1822 1815
f 1823 1816 1822
f 1821 1822 1820
f 1824 1822 1821
f 1822 1824 1823
f 1818 798 797
f 797 1814 1818
f 1814 797 799
f 1821 802 1824
f 802 1821 804
f 1823 806 1816
f 803 1823 1824
f 1823 803 806
f 802 803 1824
f 1825 386 388
f 386 1825 1826
f 1825 388 1827
f 1828 1829 1830
f 1831 1829 1828
f 1829 1831 1832
f 1828 387 1833
f 389 1828 1830
f 1828 389 387
f 1828 1834 1831
f 1833 1834 1828
f 1835 1834 1836
f 1836 1834 1833
f 387 1836 1833
f 386 1836 387
f 1836 386 1826
f 1829 1832 1827
f 1829 389 1830
f 389 1829 388
f 388 1829 1827
f 1832 1837 1827
f 1834 1832 1831
f 1832 1834 1837
f 1827 1837 1838
f 1838 1834 1835
f 1834 1838 1837
f 1825 1836 1826
f 1838 1836 1825
f 1836 1838 1835
f 1827 1838 1825
f 1839 1840 1841
f 1840 1839 1842
f 953 1843 1844
f 1843 953 957
f 1845 958 1846
f 958 1845 959
f 1847 1839 1841
f 1839 1847 1848
f 1842 953 1844
f 953 1842 954
f 1842 1844 1840
f 1848 955 956
f 955 1848 1847
f 957 1847 1843
f 1847 957 955
f 1840 1847 1841
f 1844 1847 1840
f 1847 1844 1843
f 1839 1849 1850
f 1849 1839 1848
f 960 1848 956
f 1848 960 1849
f 1842 958 954
f 958 1842 1846
f 1849 959 1845
f 959 1849 960
f 1849 1851 1850
f 1845 1851 1849
f 1851 1845 1846
f 1851 1846 1842
f 1839 1851 1842
f 1851 1839 1850
f 1852 1853 1854
f 1853 1852 1855
f 1856 1857 1858
f 1857 1856 1859
f 291 1856 290
f 1856 291 1859
f 444 1852 1854
f 444 1854 1860
f 1852 444 442
f 1855 1856 1858
f 1855 1858 1853
f 1859 444 1860
f 444 1859 445
f 1857 1859 1860
f 1853 1860 1854
f 1858 1860 1853
f 1860 1858 1857
f 442 286 1852
f 442 287 286
f 287 442 443
f 285 445 1859
f 445 285 443
f 443 285 287
f 288 1856 1855
f 1856 288 290
f 285 1859 291
f 289 288 1855
f 1852 289 1855
f 289 1852 286
f 1861 1862 1863
f 1864 1862 1861
f 1862 1864 1865
f 1863 473 1861
f 473 1863 241
f 473 241 243
f 1861 278 1864
f 268 1861 473
f 1861 268 278
f 1862 1865 242
f 1862 241 1863
f 241 1862 242
f 1865 277 242
f 278 1865 1864
f 1865 278 277
f 280 1866 1867
f 1866 280 283
f 258 1868 284
f 1868 258 1869
f 1869 258 422
f 1870 280 1867
f 280 1870 281
f 282 284 1868
f 282 1866 283
f 1866 282 1868
f 1870 279 281
f 279 1869 422
f 279 422 257
f 1869 279 1870
f 1866 1870 1867
f 1868 1870 1866
f 1870 1868 1869

